"SourceFile","DateTimeOriginal","Subject","GPSLatitude","GPSLongitude"
"/Volumes/LEOPARDS/SuliHabitat/20230609/CP0102-1/DJI_0027.JPG",2023-06-09 15:05:48,"Shrubland",38.3025497222222,98.2641864444444
"/Volumes/LEOPARDS/SuliHabitat/20230609/CP0102-1/DJI_0028.JPG",2023-06-09 15:06:03,"Shrubland",38.3025791388889,98.2642315
"/Volumes/LEOPARDS/SuliHabitat/20230609/CP0102-1/DJI_0029.JPG",2023-06-09 15:06:40,"Shrubland",38.3027488611111,98.2644863611111
"/Volumes/LEOPARDS/SuliHabitat/20230609/CP0102-1/DJI_0030.JPG",2023-06-09 15:06:55,"Shrubland",38.3028598611111,98.2646456111111
"/Volumes/LEOPARDS/SuliHabitat/20230609/CP0102-1/DJI_0031.JPG",2023-06-09 15:07:18,"Shrubland",38.30289925,98.2648167222222
"/Volumes/LEOPARDS/SuliHabitat/20230609/CP0102-1/DJI_0032.JPG",2023-06-09 15:07:37,"Shrubland",38.3028788611111,98.2650050555556
"/Volumes/LEOPARDS/SuliHabitat/20230609/CP0102-1/DJI_0033.JPG",2023-06-09 15:07:42,"Shrubland",38.3028672222222,98.2651111666667
"/Volumes/LEOPARDS/SuliHabitat/20230609/CP0102-1/DJI_0034.JPG",2023-06-09 15:07:51,"Shrubland",38.30285375,98.2652284444444
"/Volumes/LEOPARDS/SuliHabitat/20230609/CP0102-1/DJI_0035.JPG",2023-06-09 15:07:58,"Shrubland",38.3028470555556,98.2653156944444
"/Volumes/LEOPARDS/SuliHabitat/20230609/CP0102-1/DJI_0036.JPG",2023-06-09 15:08:08,"Shrubland",38.3028336388889,98.2654295277778
"/Volumes/LEOPARDS/SuliHabitat/20230609/CP0102-1/DJI_0037.JPG",2023-06-09 15:08:13,"Shrubland",38.3028236111111,98.2655246388889
"/Volumes/LEOPARDS/SuliHabitat/20230609/CP0102-1/DJI_0038.JPG",2023-06-09 15:08:33,"Shrubland",38.3027551944444,98.2662110277778
"/Volumes/LEOPARDS/SuliHabitat/20230609/CP0203-1/DJI_0047.JPG",2023-06-09 15:51:04,"Grassland",38.3333659722222,98.2708074444444
"/Volumes/LEOPARDS/SuliHabitat/20230609/CP0203-1/DJI_0048.JPG",2023-06-09 15:51:19,"Grassland",38.3333568888889,98.2711513611111
"/Volumes/LEOPARDS/SuliHabitat/20230609/CP0203-1/DJI_0049.JPG",2023-06-09 15:51:34,"Grassland",38.3333598333333,98.2711686388889
"/Volumes/LEOPARDS/SuliHabitat/20230609/CP0203-1/DJI_0050.JPG",2023-06-09 15:51:38,"Grassland",38.3333543888889,98.2712617777778
"/Volumes/LEOPARDS/SuliHabitat/20230609/CP0203-1/DJI_0051.JPG",2023-06-09 15:51:42,"Grassland",38.3333491111111,98.2713441111111
"/Volumes/LEOPARDS/SuliHabitat/20230609/CP0203-1/DJI_0052.JPG",2023-06-09 15:51:46,"Grassland",38.33334425,98.2714410833333
"/Volumes/LEOPARDS/SuliHabitat/20230609/CP0203-1/DJI_0053.JPG",2023-06-09 15:51:51,"Grassland",38.3333388333333,98.2715868055556
"/Volumes/LEOPARDS/SuliHabitat/20230609/CP0203-1/DJI_0054.JPG",2023-06-09 15:51:55,"Grassland",38.3333335,98.2717319444444
"/Volumes/LEOPARDS/SuliHabitat/20230609/CP0203-1/DJI_0055.JPG",2023-06-09 15:52:01,"Grassland",38.3333267777778,98.2718986944444
"/Volumes/LEOPARDS/SuliHabitat/20230609/CP0203-1/DJI_0060.JPG",2023-06-09 15:54:22,"Grassland",38.3351636944444,98.2735348333333
"/Volumes/LEOPARDS/SuliHabitat/20230609/CP0203-1/DJI_0061.JPG",2023-06-09 15:54:29,"Grassland",38.3354957222222,98.27351
"/Volumes/LEOPARDS/SuliHabitat/20230609/CP0203-1/DJI_0062.JPG",2023-06-09 15:54:38,"Grassland",38.3358141666667,98.2734996111111
"/Volumes/LEOPARDS/SuliHabitat/20230609/CP0203-1/DJI_0063.JPG",2023-06-09 15:54:47,"Grassland",38.3361794722222,98.2734811111111
"/Volumes/LEOPARDS/SuliHabitat/20230609/CP0203-1/DJI_0066.JPG",2023-06-09 15:56:32,"Grassland",38.3387871944444,98.2737874166667
"/Volumes/LEOPARDS/SuliHabitat/20230609/CP0203-1/DJI_0067.JPG",2023-06-09 15:59:38,"Grassland",38.3383335,98.2741525833333
"/Volumes/LEOPARDS/SuliHabitat/20230609/CP0203-1/DJI_0068.JPG",2023-06-09 15:59:49,"Grassland",38.3380610277778,98.2743025
"/Volumes/LEOPARDS/SuliHabitat/20230609/CP0203-1/DJI_0069.JPG",2023-06-09 16:00:29,"Grassland",38.3385035277778,98.2737797777778
"/Volumes/LEOPARDS/SuliHabitat/20230609/CP0203-1/DJI_0070.JPG",2023-06-09 16:00:38,"Grassland",38.3390026111111,98.2733353055556
"/Volumes/LEOPARDS/SuliHabitat/20230609/CP0203-1/DJI_0080.JPG",2023-06-09 16:02:10,"Grassland",38.3428649166667,98.2699355277778
"/Volumes/LEOPARDS/SuliHabitat/20230609/CP0203-1/DJI_0081.JPG",2023-06-09 16:02:27,"Grassland",38.3438446111111,98.2690991388889
"/Volumes/LEOPARDS/SuliHabitat/20230609/CP0203-1/DJI_0082.JPG",2023-06-09 16:03:49,"Grassland",38.34588625,98.2651439166667
"/Volumes/LEOPARDS/SuliHabitat/20230609/CP0203-1/DJI_0084.JPG",2023-06-09 16:03:58,"Grassland",38.3459041666667,98.2648821111111
"/Volumes/LEOPARDS/SuliHabitat/20230609/CP0203-1/DJI_0085.JPG",2023-06-09 16:04:14,"Grassland",38.3458990555556,98.2648516111111
"/Volumes/LEOPARDS/SuliHabitat/20230609/CP0203-1/DJI_0086.JPG",2023-06-09 16:04:21,"Grassland",38.3458981111111,98.26475025
"/Volumes/LEOPARDS/SuliHabitat/20230609/CP0203-1/DJI_0087.JPG",2023-06-09 16:05:17,"Grassland",38.3442330833333,98.2654905277778
"/Volumes/LEOPARDS/SuliHabitat/20230609/CP0203-1/DJI_0088.JPG",2023-06-09 16:05:20,"Grassland",38.3439306111111,98.2656273055556
"/Volumes/LEOPARDS/SuliHabitat/20230609/CP0203-1/DJI_0089.JPG",2023-06-09 16:05:25,"Grassland",38.3434894166667,98.2658251111111
"/Volumes/LEOPARDS/SuliHabitat/20230609/CP0203-1/DJI_0093.JPG",2023-06-09 16:05:54,"Grassland",38.3410357777778,98.2669246111111
"/Volumes/LEOPARDS/SuliHabitat/20230609/CP0203-1/DJI_0094.JPG",2023-06-09 16:06:27,"Grassland",38.3382805277778,98.2681583888889
"/Volumes/LEOPARDS/SuliHabitat/20230609/CP0203-1/DJI_0097.JPG",2023-06-09 16:06:47,"Grassland",38.3365283888889,98.2689447222222
"/Volumes/LEOPARDS/SuliHabitat/20230610/CP0710-1-1/DJI_0101.JPG",2023-06-10 12:15:07,"Jiji Grass",38.8622764166667,97.6683530555556
"/Volumes/LEOPARDS/SuliHabitat/20230610/CP0710-1-1/DJI_0102.JPG",2023-06-10 12:15:29,"Jiji Grass",38.8622183611111,97.6682611111111
"/Volumes/LEOPARDS/SuliHabitat/20230610/CP0710-1-1/DJI_0103.JPG",2023-06-10 12:15:33,"Jiji Grass",38.8621614444444,97.6681657777778
"/Volumes/LEOPARDS/SuliHabitat/20230610/CP0710-1-1/DJI_0104.JPG",2023-06-10 12:15:37,"Jiji Grass",38.8621035277778,97.6680682777778
"/Volumes/LEOPARDS/SuliHabitat/20230610/CP0710-1-1/DJI_0105.JPG",2023-06-10 12:15:44,"Jiji Grass",38.8620433888889,97.6679585555556
"/Volumes/LEOPARDS/SuliHabitat/20230610/CP0710-1-1/DJI_0106.JPG",2023-06-10 12:15:55,"Jiji Grass",38.8620003611111,97.66788875
"/Volumes/LEOPARDS/SuliHabitat/20230610/CP0710-1-1/DJI_0107.JPG",2023-06-10 12:16:19,"Jiji Grass",38.8619361944444,97.6677796388889
"/Volumes/LEOPARDS/SuliHabitat/20230610/CP0710-1-1/DJI_0108.JPG",2023-06-10 12:16:55,"Jiji Grass",38.8618859166667,97.66769525
"/Volumes/LEOPARDS/SuliHabitat/20230610/CP0710-1-1/DJI_0109.JPG",2023-06-10 12:17:00,"Jiji Grass",38.86182925,97.6675907222222
"/Volumes/LEOPARDS/SuliHabitat/20230610/CP0710-1-1/DJI_0110.JPG",2023-06-10 12:17:04,"Jiji Grass",38.8617745,97.6674842222222
"/Volumes/LEOPARDS/SuliHabitat/20230610/CP0710-1-1/DJI_0111.JPG",2023-06-10 12:17:08,"Jiji Grass",38.8617171111111,97.6673730555556
"/Volumes/LEOPARDS/SuliHabitat/20230610/CP0710-1-1/DJI_0112.JPG",2023-06-10 12:17:24,"Jiji Grass",38.8616595,97.6672596388889
"/Volumes/LEOPARDS/SuliHabitat/20230610/CP0710-1-1/DJI_0113.JPG",2023-06-10 12:17:30,"Jiji Grass",38.8615976666667,97.6671475
"/Volumes/LEOPARDS/SuliHabitat/20230610/CP0710-1-1/DJI_0114.JPG",2023-06-10 12:17:34,"Jiji Grass",38.8615475277778,97.6670501944444
"/Volumes/LEOPARDS/SuliHabitat/20230610/CP0710-1-1/DJI_0115.JPG",2023-06-10 12:17:43,"Jiji Grass",38.8614929444444,97.6669613333333
"/Volumes/LEOPARDS/SuliHabitat/20230610/CP0710-1-1/DJI_0116.JPG",2023-06-10 12:17:48,"Jiji Grass",38.8614356666667,97.6668692222222
"/Volumes/LEOPARDS/SuliHabitat/20230610/CP0710-1-1/DJI_0117.JPG",2023-06-10 12:17:52,"Jiji Grass",38.86138775,97.6667835833333
"/Volumes/LEOPARDS/SuliHabitat/20230610/CP0710-1-1/DJI_0118.JPG",2023-06-10 12:17:56,"Jiji Grass",38.8613400555556,97.6666963611111
"/Volumes/LEOPARDS/SuliHabitat/20230610/CP0710-1-1/DJI_0119.JPG",2023-06-10 12:18:05,"Jiji Grass",38.8612761944444,97.666596
"/Volumes/LEOPARDS/SuliHabitat/20230610/CP0710-1-1/DJI_0120.JPG",2023-06-10 12:18:11,"Jiji Grass",38.8612220833333,97.6665015555556
"/Volumes/LEOPARDS/SuliHabitat/20230610/CP0710-1-1/DJI_0121.JPG",2023-06-10 12:18:17,"Jiji Grass",38.86117,97.6664034444444
"/Volumes/LEOPARDS/SuliHabitat/20230610/CP0710-1-1/DJI_0122.JPG",2023-06-10 12:18:24,"Jiji Grass",38.8611245833333,97.6663279722222
"/Volumes/LEOPARDS/SuliHabitat/20230610/CP0710-1-1/DJI_0123.JPG",2023-06-10 12:18:49,"Jiji Grass",38.8610939444444,97.6662926111111
"/Volumes/LEOPARDS/SuliHabitat/20230610/CP0710-1-1/DJI_0124.JPG",2023-06-10 12:18:54,"Jiji Grass",38.8610589444444,97.6662427222222
"/Volumes/LEOPARDS/SuliHabitat/20230610/CP0710-1-1/DJI_0125.JPG",2023-06-10 12:19:06,"Jiji Grass",38.8610136666667,97.6661837777778
"/Volumes/LEOPARDS/SuliHabitat/20230610/CP0710-1-1/DJI_0126.JPG",2023-06-10 12:19:22,"Jiji Grass",38.8609834166667,97.6661415555556
"/Volumes/LEOPARDS/SuliHabitat/20230610/CP0710-1-1/DJI_0127.JPG",2023-06-10 12:19:26,"Jiji Grass",38.8609455555556,97.6660885555556
"/Volumes/LEOPARDS/SuliHabitat/20230610/CP0710-1-1/DJI_0128.JPG",2023-06-10 12:19:29,"Jiji Grass",38.8609064722222,97.6660348055556
"/Volumes/LEOPARDS/SuliHabitat/20230610/CP0710-1-1/DJI_0129.JPG",2023-06-10 12:19:33,"Jiji Grass",38.8608724166667,97.6659871944444
"/Volumes/LEOPARDS/SuliHabitat/20230610/CP0710-1-1/DJI_0130.JPG",2023-06-10 12:19:37,"Jiji Grass",38.8608326388889,97.6659287222222
"/Volumes/LEOPARDS/SuliHabitat/20230610/CP0710-1-1/DJI_0131.JPG",2023-06-10 12:19:45,"Jiji Grass",38.8608169166667,97.6658993888889
"/Volumes/LEOPARDS/SuliHabitat/20230610/CP0710-1-1/DJI_0132.JPG",2023-06-10 12:19:54,"Jiji Grass",38.8607760277778,97.6658481944445
"/Volumes/LEOPARDS/SuliHabitat/20230610/CP0710-1-1/DJI_0133.JPG",2023-06-10 12:19:58,"Jiji Grass",38.8607300555556,97.6657861666667
"/Volumes/LEOPARDS/SuliHabitat/20230610/CP0710-1-1/DJI_0134.JPG",2023-06-10 12:20:35,"Jiji Grass",38.8603736666667,97.6651356944444
"/Volumes/LEOPARDS/SuliHabitat/20230610/CP0710-1-1/DJI_0135.JPG",2023-06-10 12:20:41,"Jiji Grass",38.8602498888889,97.6649043888889
"/Volumes/LEOPARDS/SuliHabitat/20230610/CP0710-1-1/DJI_0136.JPG",2023-06-10 12:20:47,"Jiji Grass",38.8600953611111,97.6646057222222
"/Volumes/LEOPARDS/SuliHabitat/20230610/CP0710-1-1/DJI_0137.JPG",2023-06-10 12:20:51,"Jiji Grass",38.8599896388889,97.6643923333333
"/Volumes/LEOPARDS/SuliHabitat/20230610/CP0710-1-1/DJI_0138.JPG",2023-06-10 12:20:55,"Jiji Grass",38.8598951666667,97.6642123888889
"/Volumes/LEOPARDS/SuliHabitat/20230610/CP0710-1-1/DJI_0139.JPG",2023-06-10 12:21:00,"Jiji Grass",38.8597898888889,97.6639956666667
"/Volumes/LEOPARDS/SuliHabitat/20230610/CP0710-1-1/DJI_0140.JPG",2023-06-10 12:21:04,"Jiji Grass",38.8596915277778,97.6637906666667
"/Volumes/LEOPARDS/SuliHabitat/20230610/CP0710-1-1/DJI_0141.JPG",2023-06-10 12:22:14,"Shrubland",38.8586020277778,97.6613134722222
"/Volumes/LEOPARDS/SuliHabitat/20230610/CP0710-1-1/DJI_0142.JPG",2023-06-10 12:22:24,"Shrubland",38.8582673055556,97.6605186666667
"/Volumes/LEOPARDS/SuliHabitat/20230610/CP0710-1-1/DJI_0143.JPG",2023-06-10 12:22:32,"Shrubland",38.8579530555556,97.659736
"/Volumes/LEOPARDS/SuliHabitat/20230610/CP0710-1-1/DJI_0146.JPG",2023-06-10 12:22:49,"Shrubland",38.8573473888889,97.6582105
"/Volumes/LEOPARDS/SuliHabitat/20230610/CP0710-1-1/DJI_0147.JPG",2023-06-10 12:23:21,"Shrubland",38.8571481944444,97.6576553333333
"/Volumes/LEOPARDS/SuliHabitat/20230610/CP0710-1-1/DJI_0148.JPG",2023-06-10 12:23:28,"Shrubland",38.8568749166667,97.6569620555556
"/Volumes/LEOPARDS/SuliHabitat/20230610/CP0710-1-1/DJI_0149.JPG",2023-06-10 12:23:34,"Shrubland",38.8566863888889,97.6564981111111
"/Volumes/LEOPARDS/SuliHabitat/20230610/CP0710-1-1/DJI_0150.JPG",2023-06-10 12:23:40,"Jiji Grass",38.8565234444444,97.6560986666667
"/Volumes/LEOPARDS/SuliHabitat/20230610/CP0710-1-1/DJI_0152.JPG",2023-06-10 12:24:59,"Shrubland",38.8555355555556,97.6543071111111
"/Volumes/LEOPARDS/SuliHabitat/20230610/CP0710-1-1/DJI_0153.JPG",2023-06-10 12:25:09,"Shrubland",38.8551146388889,97.6538563055555
"/Volumes/LEOPARDS/SuliHabitat/20230610/CP0710-1-1/DJI_0154.JPG",2023-06-10 12:25:15,"Shrubland",38.8546877777778,97.6533999722222
"/Volumes/LEOPARDS/SuliHabitat/20230610/CP0710-1-1/DJI_0155.JPG",2023-06-10 12:25:53,"Bareland",38.8532037222222,97.6517631388889
"/Volumes/LEOPARDS/SuliHabitat/20230610/CP0710-1-1/DJI_0156.JPG",2023-06-10 12:26:38,"Bareland",38.8526995833333,97.6511741666667
"/Volumes/LEOPARDS/SuliHabitat/20230610/CP0710-1-1/DJI_0157.JPG",2023-06-10 12:26:43,"Shrubland",38.8525928611111,97.6510415
"/Volumes/LEOPARDS/SuliHabitat/20230610/CP0710-1-1/DJI_0158.JPG",2023-06-10 12:26:54,"Shrubland",38.8524863888889,97.6509076388889
"/Volumes/LEOPARDS/SuliHabitat/20230610/CP0710-1-1/DJI_0159.JPG",2023-06-10 12:26:58,"Shrubland",38.8523668055556,97.6506774444444
"/Volumes/LEOPARDS/SuliHabitat/20230610/CP0710-1-1/DJI_0161.JPG",2023-06-10 12:28:37,"Bareland",38.853105,97.6519236388889
"/Volumes/LEOPARDS/SuliHabitat/20230610/CP0710-1-1/DJI_0163.JPG",2023-06-10 12:30:01,"Shrubland",38.8525632777778,97.6539410833333
"/Volumes/LEOPARDS/SuliHabitat/20230610/CP0710-1-1/DJI_0164.JPG",2023-06-10 12:30:10,"Shrubland",38.852367,97.654147
"/Volumes/LEOPARDS/SuliHabitat/20230610/CP0710-1-1/DJI_0165.JPG",2023-06-10 12:30:18,"Shrubland",38.8520866666667,97.6544433055556
"/Volumes/LEOPARDS/SuliHabitat/20230610/CP0710-1-1/DJI_0167.JPG",2023-06-10 12:31:30,"Jiji Grass",38.8530378888889,97.6577435277778
"/Volumes/LEOPARDS/SuliHabitat/20230610/CP0710-1-1/DJI_0168.JPG",2023-06-10 12:31:40,"Jiji Grass",38.8537009722222,97.6585145833333
"/Volumes/LEOPARDS/SuliHabitat/20230610/CP0710-1-1/DJI_0171.JPG",2023-06-10 12:32:23,"Jiji Grass",38.8565675555556,97.6618528055556
"/Volumes/LEOPARDS/SuliHabitat/20230610/CP0710-1-1/DJI_0172.JPG",2023-06-10 12:32:46,"Jiji Grass",38.8580707777778,97.6636042777778
"/Volumes/LEOPARDS/SuliHabitat/20230610/CP0710-1-1/DJI_0173.JPG",2023-06-10 12:32:56,"Jiji Grass",38.8586980833333,97.6643339722222
"/Volumes/LEOPARDS/SuliHabitat/20230610/CP0710-1-2/DJI_0175.JPG",2023-06-10 12:41:46,"Shrubland",38.8677230833333,97.6725233055556
"/Volumes/LEOPARDS/SuliHabitat/20230610/CP0710-1-2/DJI_0176.JPG",2023-06-10 12:41:53,"Shrubland",38.86796675,97.6728397222222
"/Volumes/LEOPARDS/SuliHabitat/20230610/CP0710-1-2/DJI_0177.JPG",2023-06-10 12:41:59,"Shrubland",38.8682429722222,97.6731969166667
"/Volumes/LEOPARDS/SuliHabitat/20230610/CP0710-1-2/DJI_0178.JPG",2023-06-10 12:42:05,"Shrubland",38.86836225,97.6733582777778
"/Volumes/LEOPARDS/SuliHabitat/20230610/CP0710-1-2/DJI_0179.JPG",2023-06-10 12:42:12,"Shrubland",38.8683887777778,97.6736323611111
"/Volumes/LEOPARDS/SuliHabitat/20230610/CP0710-1-2/DJI_0180.JPG",2023-06-10 12:42:18,"Shrubland",38.8683106944444,97.6741050555556
"/Volumes/LEOPARDS/SuliHabitat/20230610/CP0710-1-2/DJI_0181.JPG",2023-06-10 12:42:46,"Shrubland",38.8686904166667,97.6743555
"/Volumes/LEOPARDS/SuliHabitat/20230610/CP0710-1-2/DJI_0182.JPG",2023-06-10 12:42:53,"Shrubland",38.8686233611111,97.6747063055556
"/Volumes/LEOPARDS/SuliHabitat/20230610/CP0710-1-2/DJI_0183.JPG",2023-06-10 12:43:22,"Shrubland",38.8684813055556,97.675095
"/Volumes/LEOPARDS/SuliHabitat/20230610/CP0710-1-2/DJI_0184.JPG",2023-06-10 12:43:30,"Shrubland",38.8686386944444,97.67550825
"/Volumes/LEOPARDS/SuliHabitat/20230610/CP0710-1-2/DJI_0185.JPG",2023-06-10 12:43:37,"Shrubland",38.8686159444444,97.6755293611111
"/Volumes/LEOPARDS/SuliHabitat/20230610/CP0710-1-2/DJI_0186.JPG",2023-06-10 12:43:44,"Shrubland",38.8687156111111,97.6759333055556
"/Volumes/LEOPARDS/SuliHabitat/20230610/CP0710-1-2/DJI_0187.JPG",2023-06-10 12:43:47,"Shrubland",38.8686441111111,97.6759833888889
"/Volumes/LEOPARDS/SuliHabitat/20230610/CP0710-1-2/DJI_0188.JPG",2023-06-10 12:43:54,"Shrubland",38.8686484444444,97.6764764444444
"/Volumes/LEOPARDS/SuliHabitat/20230610/CP0710-1-2/DJI_0189.JPG",2023-06-10 12:43:59,"Shrubland",38.8686441666667,97.6767265555556
"/Volumes/LEOPARDS/SuliHabitat/20230610/CP0710-1-2/DJI_0190.JPG",2023-06-10 12:45:33,"Shrubland",38.8698061666667,97.6786194166667
"/Volumes/LEOPARDS/SuliHabitat/20230610/CP0710-1-2/DJI_0191.JPG",2023-06-10 12:45:39,"Shrubland",38.8700929444444,97.6790843611111
"/Volumes/LEOPARDS/SuliHabitat/20230610/CP0710-1-2/DJI_0193.JPG",2023-06-10 12:46:23,"Grassland",38.8714600277778,97.6813100555556
"/Volumes/LEOPARDS/SuliHabitat/20230610/CP0710-1-2/DJI_0194.JPG",2023-06-10 12:47:41,"Grassland",38.8728112222222,97.6832078611111
"/Volumes/LEOPARDS/SuliHabitat/20230610/CP0710-1-2/DJI_0195.JPG",2023-06-10 12:47:53,"Grassland",38.8735948611111,97.6842435833333
"/Volumes/LEOPARDS/SuliHabitat/20230610/CP0710-1-2/DJI_0196.JPG",2023-06-10 12:48:12,"Grassland",38.8750378888889,97.6861452777778
"/Volumes/LEOPARDS/SuliHabitat/20230610/CP0710-1-2/DJI_0197.JPG",2023-06-10 12:49:32,"Grassland",38.8749502222222,97.68596425
"/Volumes/LEOPARDS/SuliHabitat/20230610/CP0710-1-2/DJI_0200.JPG",2023-06-10 12:54:58,"Jiji Grass",38.8638616111111,97.6770473055556
"/Volumes/LEOPARDS/SuliHabitat/20230610/CP0710-1-2/DJI_0201.JPG",2023-06-10 12:55:11,"Jiji Grass",38.8636181111111,97.6771998611111
"/Volumes/LEOPARDS/SuliHabitat/20230610/CP0710-1-2/DJI_0202.JPG",2023-06-10 12:55:18,"Jiji Grass",38.8632841388889,97.6774011944444
"/Volumes/LEOPARDS/SuliHabitat/20230610/CP0710-1-2/DJI_0203.JPG",2023-06-10 12:55:23,"Jiji Grass",38.8630614722222,97.6776360833333
"/Volumes/LEOPARDS/SuliHabitat/20230610/CP0710-1-2/DJI_0204.JPG",2023-06-10 12:55:29,"Jiji Grass",38.862896,97.6778591666667
"/Volumes/LEOPARDS/SuliHabitat/20230610/CP0710-1-2/DJI_0205.JPG",2023-06-10 12:55:34,"Jiji Grass",38.8626953055556,97.6781340833333
"/Volumes/LEOPARDS/SuliHabitat/20230610/CP0710-1-2/DJI_0206.JPG",2023-06-10 12:55:40,"Grassland",38.862573,97.67827675
"/Volumes/LEOPARDS/SuliHabitat/20230610/CP0710-1-2/DJI_0207.JPG",2023-06-10 12:55:46,"Grassland",38.8624085,97.6784579444444
"/Volumes/LEOPARDS/SuliHabitat/20230610/CP0710-1-2/DJI_0208.JPG",2023-06-10 12:55:53,"Grassland",38.8620692777778,97.6787886388889
"/Volumes/LEOPARDS/SuliHabitat/20230610/CP0710-1-2/DJI_0209.JPG",2023-06-10 12:56:00,"Jiji Grass",38.8617871111111,97.6790623333333
"/Volumes/LEOPARDS/SuliHabitat/20230610/CP0710-1-2/DJI_0210.JPG",2023-06-10 12:56:05,"Jiji Grass",38.8615981944444,97.6792402222222
"/Volumes/LEOPARDS/SuliHabitat/20230610/CP0710-1-2/DJI_0212.JPG",2023-06-10 12:56:21,"Jiji Grass",38.8611974722222,97.6796191111111
"/Volumes/LEOPARDS/SuliHabitat/20230610/CP0710-1-2/DJI_0213.JPG",2023-06-10 12:56:27,"Jiji Grass",38.8610166111111,97.6799321666667
"/Volumes/LEOPARDS/SuliHabitat/20230610/CP0710-1-2/DJI_0214.JPG",2023-06-10 12:56:35,"Jiji Grass",38.8609511666667,97.6803403611111
"/Volumes/LEOPARDS/SuliHabitat/20230610/CP0710-1-2/DJI_0215.JPG",2023-06-10 12:56:42,"Jiji Grass",38.86073425,97.680655
"/Volumes/LEOPARDS/SuliHabitat/20230610/CP0710-1-2/DJI_0216.JPG",2023-06-10 12:57:01,"Seabuckthorn",38.8600373333333,97.6801818333333
"/Volumes/LEOPARDS/SuliHabitat/20230610/CP0710-1-2/DJI_0217.JPG",2023-06-10 12:57:10,"Seabuckthorn",38.8598238333333,97.6803705833333
"/Volumes/LEOPARDS/SuliHabitat/20230610/CP0710-1-2/DJI_0218.JPG",2023-06-10 12:57:15,"Seabuckthorn",38.85965975,97.6805185555556
"/Volumes/LEOPARDS/SuliHabitat/20230610/CP0710-1-2/DJI_0219.JPG",2023-06-10 12:57:19,"Seabuckthorn",38.8594872777778,97.6806538333333
"/Volumes/LEOPARDS/SuliHabitat/20230610/CP0710-1-2/DJI_0220.JPG",2023-06-10 12:57:24,"Seabuckthorn",38.8592659444444,97.6807910277778
"/Volumes/LEOPARDS/SuliHabitat/20230610/CP0710-1-2/DJI_0221.JPG",2023-06-10 12:57:32,"Seabuckthorn",38.8590657222222,97.6809140277778
"/Volumes/LEOPARDS/SuliHabitat/20230610/CP0710-1-2/DJI_0222.JPG",2023-06-10 12:57:36,"Seabuckthorn",38.8588325277778,97.6810563888889
"/Volumes/LEOPARDS/SuliHabitat/20230610/CP0710-1-2/DJI_0223.JPG",2023-06-10 12:57:42,"Seabuckthorn",38.8585420555556,97.6812343333333
"/Volumes/LEOPARDS/SuliHabitat/20230610/CP0710-1-2/DJI_0224.JPG",2023-06-10 12:57:47,"Seabuckthorn",38.85826175,97.6814058055556
"/Volumes/LEOPARDS/SuliHabitat/20230610/CP0710-1-2/DJI_0225.JPG",2023-06-10 12:57:51,"Seabuckthorn",38.85813075,97.6814846666667
"/Volumes/LEOPARDS/SuliHabitat/20230610/CP0710-1-2/DJI_0226.JPG",2023-06-10 12:57:57,"Seabuckthorn",38.8578363888889,97.6816658888889
"/Volumes/LEOPARDS/SuliHabitat/20230610/CP0710-1-2/DJI_0227.JPG",2023-06-10 12:58:02,"Seabuckthorn",38.85756025,97.68183325
"/Volumes/LEOPARDS/SuliHabitat/20230610/CP0710-1-2/DJI_0228.JPG",2023-06-10 12:58:08,"Seabuckthorn",38.8572784444444,97.68200475
"/Volumes/LEOPARDS/SuliHabitat/20230610/CP0710-1-2/DJI_0229.JPG",2023-06-10 12:58:14,"Seabuckthorn",38.8570259444444,97.6821591666667
"/Volumes/LEOPARDS/SuliHabitat/20230610/CP0710-1-2/DJI_0230.JPG",2023-06-10 12:58:26,"Seabuckthorn",38.8570576388889,97.6820127777778
"/Volumes/LEOPARDS/SuliHabitat/20230610/CP0710-1-2/DJI_0231.JPG",2023-06-10 12:58:32,"Seabuckthorn",38.8572309166667,97.6815360833333
"/Volumes/LEOPARDS/SuliHabitat/20230610/CP0710-1-2/DJI_0232.JPG",2023-06-10 12:58:36,"Seabuckthorn",38.8574071388889,97.6811011388889
"/Volumes/LEOPARDS/SuliHabitat/20230610/CP0710-1-2/DJI_0233.JPG",2023-06-10 12:58:42,"Bareland",38.8576730277778,97.6804380555556
"/Volumes/LEOPARDS/SuliHabitat/20230610/CP0710-1-2/DJI_0234.JPG",2023-06-10 12:58:48,"Bareland",38.8579555833333,97.6797358888889
"/Volumes/LEOPARDS/SuliHabitat/20230610/CP0710-1-2/DJI_0235.JPG",2023-06-10 12:58:53,"Bareland",38.8581845833333,97.6791787777778
"/Volumes/LEOPARDS/SuliHabitat/20230610/CP0710-1-2/DJI_0236.JPG",2023-06-10 12:59:01,"Bareland",38.8585322777778,97.6783368055556
"/Volumes/LEOPARDS/SuliHabitat/20230610/CP0710-1-2/DJI_0238.JPG",2023-06-10 12:59:15,"Bareland",38.8592048888889,97.6767030277778
"/Volumes/LEOPARDS/SuliHabitat/20230610/CP0710-1-2/DJI_0240.JPG",2023-06-10 12:59:30,"Bareland",38.8598895277778,97.6750093055556
"/Volumes/LEOPARDS/SuliHabitat/20230610/CP0710-1-2/DJI_0241.JPG",2023-06-10 12:59:39,"Seabuckthorn",38.8602789722222,97.6740263055556
"/Volumes/LEOPARDS/SuliHabitat/20230610/CP0710-1-2/DJI_0242.JPG",2023-06-10 12:59:44,"Seabuckthorn",38.8605531111111,97.6733355
"/Volumes/LEOPARDS/SuliHabitat/20230610/CP0710-1-2/DJI_0243.JPG",2023-06-10 12:59:49,"Seabuckthorn",38.8607693055556,97.6727905833333
"/Volumes/LEOPARDS/SuliHabitat/20230610/CP0710-1-2/DJI_0244.JPG",2023-06-10 12:59:54,"Bareland",38.8610144166667,97.672171
"/Volumes/LEOPARDS/SuliHabitat/20230610/CP0710-2/DJI_0249.JPG",2023-06-10 14:39:13,"Jiji Grass",38.869865,97.6033887222222
"/Volumes/LEOPARDS/SuliHabitat/20230610/CP0710-2/DJI_0250.JPG",2023-06-10 14:42:22,"Jiji Grass",38.8707683333333,97.6031801666667
"/Volumes/LEOPARDS/SuliHabitat/20230610/CP0710-2/DJI_0251.JPG",2023-06-10 14:44:10,"Shrubland",38.8718324444444,97.6031021388889
"/Volumes/LEOPARDS/SuliHabitat/20230610/CP0710-2/DJI_0253.JPG",2023-06-10 14:54:27,"Shrubland",38.8705605555556,97.5915830277778
"/Volumes/LEOPARDS/SuliHabitat/20230610/CP0710-2/DJI_0254.JPG",2023-06-10 14:58:24,"Grassland",38.8701507222222,97.6043932777778
"/Volumes/LEOPARDS/SuliHabitat/20230610/CP0710-3/DJI_0256.JPG",2023-06-10 15:45:06,"Grassland",38.8702981944444,97.5721210555556
"/Volumes/LEOPARDS/SuliHabitat/20230610/CP0710-3/DJI_0257.JPG",2023-06-10 15:45:37,"Grassland",38.8699090833333,97.5719801388889
"/Volumes/LEOPARDS/SuliHabitat/20230610/CP0710-3/DJI_0258.JPG",2023-06-10 15:45:53,"Grassland",38.8698763055556,97.5721358611111
"/Volumes/LEOPARDS/SuliHabitat/20230610/CP0710-3/DJI_0259.JPG",2023-06-10 15:46:53,"Shrubland",38.8681784166667,97.5716385
"/Volumes/LEOPARDS/SuliHabitat/20230610/CP0710-3/DJI_0260.JPG",2023-06-10 15:48:29,"Shrubland",38.8700619444444,97.5672006944444
"/Volumes/LEOPARDS/SuliHabitat/20230610/CP0710-3/DJI_0261.JPG",2023-06-10 15:49:46,"Grassland",38.8692985,97.5596429722222
"/Volumes/LEOPARDS/SuliHabitat/20230610/CP0710-3/DJI_0262.JPG",2023-06-10 15:49:59,"Grassland",38.8690279166667,97.5585968611111
"/Volumes/LEOPARDS/SuliHabitat/20230610/CP0710-3/DJI_0263.JPG",2023-06-10 15:50:20,"Grassland",38.8688251944444,97.5577916944444
"/Volumes/LEOPARDS/SuliHabitat/20230610/CP0710-3/DJI_0264.JPG",2023-06-10 15:51:46,"Grassland",38.8684132777778,97.5552565833333
"/Volumes/LEOPARDS/SuliHabitat/20230610/CP0710-3/DJI_0265.JPG",2023-06-10 15:53:17,"Grassland",38.8702013055556,97.5549860277778
"/Volumes/LEOPARDS/SuliHabitat/20230610/CP0710-3/DJI_0266.JPG",2023-06-10 15:53:33,"Grassland",38.8704761388889,97.5554611388889
"/Volumes/LEOPARDS/SuliHabitat/20230610/CP0710-3/DJI_0267.JPG",2023-06-10 15:54:51,"Grassland",38.8704918888889,97.5557064722222
"/Volumes/LEOPARDS/SuliHabitat/20230610/CP0710-3/DJI_0268.JPG",2023-06-10 15:55:06,"Grassland",38.8707808611111,97.5569025833333
"/Volumes/LEOPARDS/SuliHabitat/20230610/CP0710-3/DJI_0269.JPG",2023-06-10 15:55:30,"Grassland",38.8714930277778,97.55937975
"/Volumes/LEOPARDS/SuliHabitat/20230610/CP0710-3/DJI_0270.JPG",2023-06-10 15:55:40,"Grassland",38.8716402222222,97.5600167777778
"/Volumes/LEOPARDS/SuliHabitat/20230610/CP0710-3/DJI_0271.JPG",2023-06-10 15:55:46,"Grassland",38.8717049444444,97.5603346944444
"/Volumes/LEOPARDS/SuliHabitat/20230610/CP0710-3/DJI_0272.JPG",2023-06-10 15:56:00,"Grassland",38.8720406111111,97.5615760277778
"/Volumes/LEOPARDS/SuliHabitat/20230610/CP0710-3/DJI_0273.JPG",2023-06-10 15:57:01,"Shrubland",38.8732940833333,97.5629953055556
"/Volumes/LEOPARDS/SuliHabitat/20230610/CP0710-3/DJI_0274.JPG",2023-06-10 15:57:49,"Grassland",38.8756236111111,97.5639671388889
"/Volumes/LEOPARDS/SuliHabitat/20230610/CP0710-3/DJI_0275.JPG",2023-06-10 15:59:53,"Shrubland",38.8742540555556,97.5679388888889
"/Volumes/LEOPARDS/SuliHabitat/20230610/CP0710-3/DJI_0276.JPG",2023-06-10 16:01:46,"Grassland",38.8717939444444,97.5696064166667
"/Volumes/LEOPARDS/SuliHabitat/20230610/CP0710-3/DJI_0277.JPG",2023-06-10 16:03:01,"Shrubland",38.8729961388889,97.5741706111111
"/Volumes/LEOPARDS/SuliHabitat/20230610/CP0710-3/DJI_0278.JPG",2023-06-10 16:03:07,"Shrubland",38.8732985555556,97.5745253333333
"/Volumes/LEOPARDS/SuliHabitat/20230611/CP0506-1/DJI_0279.JPG",2023-06-11 10:20:56,"Shrubland",38.9444739444444,97.63890475
"/Volumes/LEOPARDS/SuliHabitat/20230611/CP0506-1/DJI_0280.JPG",2023-06-11 10:22:00,"Shrubland",38.9478928333333,97.6423625833333
"/Volumes/LEOPARDS/SuliHabitat/20230611/CP0506-1/DJI_0281.JPG",2023-06-11 10:22:02,"Shrubland",38.9479343333333,97.6424088888889
"/Volumes/LEOPARDS/SuliHabitat/20230611/CP0506-1/DJI_0282.JPG",2023-06-11 10:22:22,"Grassland",38.9485076388889,97.64307975
"/Volumes/LEOPARDS/SuliHabitat/20230611/CP0506-1/DJI_0283.JPG",2023-06-11 10:23:38,"Grassland",38.9530260555556,97.6464344166667
"/Volumes/LEOPARDS/SuliHabitat/20230611/CP0506-1/DJI_0284.JPG",2023-06-11 10:24:07,"Grassland",38.9544402222222,97.6475071388889
"/Volumes/LEOPARDS/SuliHabitat/20230611/CP0506-1/DJI_0285.JPG",2023-06-11 10:25:35,"Shrubland",38.9589729722222,97.6490317777778
"/Volumes/LEOPARDS/SuliHabitat/20230611/CP0506-1/DJI_0286.JPG",2023-06-11 10:26:55,"Shrubland",38.9629666944444,97.647396
"/Volumes/LEOPARDS/SuliHabitat/20230611/CP0506-1/DJI_0287.JPG",2023-06-11 10:27:23,"Shrubland",38.9643474722222,97.645957
"/Volumes/LEOPARDS/SuliHabitat/20230611/CP0506-1/DJI_0288.JPG",2023-06-11 10:28:30,"Bareland",38.965303,97.64521325
"/Volumes/LEOPARDS/SuliHabitat/20230611/CP0506-1/DJI_0289.JPG",2023-06-11 10:28:37,"Bareland",38.9653608611111,97.6450823333333
"/Volumes/LEOPARDS/SuliHabitat/20230611/CP0506-1/DJI_0290.JPG",2023-06-11 10:29:09,"Shrubland",38.9641727222222,97.6443318333333
"/Volumes/LEOPARDS/SuliHabitat/20230611/CP0506-1/DJI_0291.JPG",2023-06-11 10:31:06,"Grassland",38.9535092777778,97.6402996666667
"/Volumes/LEOPARDS/SuliHabitat/20230611/CP0506-1/DJI_0292.JPG",2023-06-11 10:34:30,"Seabuckthorn",38.9393129444444,97.6413936111111
"/Volumes/LEOPARDS/SuliHabitat/20230611/CP0506-1/DJI_0293.JPG",2023-06-11 10:34:43,"Seabuckthorn",38.9390985555556,97.6408568055556
"/Volumes/LEOPARDS/SuliHabitat/20230611/CP0506-1/DJI_0294.JPG",2023-06-11 10:35:10,"Seabuckthorn",38.9387486388889,97.6398434722222
"/Volumes/LEOPARDS/SuliHabitat/20230611/CP0506-1/DJI_0295.JPG",2023-06-11 10:36:29,"Seabuckthorn",38.9411647777778,97.6371216388889
"/Volumes/LEOPARDS/SuliHabitat/20230611/CP0506-1/DJI_0296.JPG",2023-06-11 10:36:49,"Seabuckthorn",38.9413540277778,97.6365417222222
"/Volumes/LEOPARDS/SuliHabitat/20230611/CP0506-1/DJI_0297.JPG",2023-06-11 10:38:08,"Seabuckthorn",38.9371445277778,97.6352433333333
"/Volumes/LEOPARDS/SuliHabitat/20230611/CP0506-1/DJI_0298.JPG",2023-06-11 10:38:18,"Seabuckthorn",38.9367949444444,97.6350842777778
"/Volumes/LEOPARDS/SuliHabitat/20230611/CP0506-1/DJI_0299.JPG",2023-06-11 10:38:50,"Bareland",38.9366004722222,97.63575925
"/Volumes/LEOPARDS/SuliHabitat/20230611/CP0506-1/DJI_0300.JPG",2023-06-11 10:39:01,"Bareland",38.9371109444444,97.6360660833333
"/Volumes/LEOPARDS/SuliHabitat/20230611/CP0506-1/DJI_0301.JPG",2023-06-11 10:39:07,"Bareland",38.9372668055556,97.6362993055556
"/Volumes/LEOPARDS/SuliHabitat/20230611/CP0506-1/DJI_0302.JPG",2023-06-11 10:40:35,"Grassland",38.9422511388889,97.6376626388889
"/Volumes/LEOPARDS/SuliHabitat/20230611/CP0506-1/DJI_0303.JPG",2023-06-11 10:40:39,"Grassland",38.9424972777778,97.6377275833333
"/Volumes/LEOPARDS/SuliHabitat/20230611/CP0506-1/DJI_0304.JPG",2023-06-11 10:40:42,"Grassland",38.9428123611111,97.63781
"/Volumes/LEOPARDS/SuliHabitat/20230611/CP0506-1/DJI_0305.JPG",2023-06-11 10:41:16,"Grassland",38.9443015,97.6380721944444
"/Volumes/LEOPARDS/SuliHabitat/20230611/CP0506-2/DJI_0307.JPG",2023-06-11 10:59:59,"Grassland",38.9413341111111,97.6738749444444
"/Volumes/LEOPARDS/SuliHabitat/20230611/CP0506-2/DJI_0308.JPG",2023-06-11 11:00:08,"Grassland",38.9416132222222,97.6740300555556
"/Volumes/LEOPARDS/SuliHabitat/20230611/CP0506-2/DJI_0309.JPG",2023-06-11 11:00:20,"Grassland",38.9417202222222,97.674161
"/Volumes/LEOPARDS/SuliHabitat/20230611/CP0506-2/DJI_0310.JPG",2023-06-11 11:00:48,"Grassland",38.9430143611111,97.6753453055556
"/Volumes/LEOPARDS/SuliHabitat/20230611/CP0506-2/DJI_0311.JPG",2023-06-11 11:01:11,"Grassland",38.9435761388889,97.6768397222222
"/Volumes/LEOPARDS/SuliHabitat/20230611/CP0506-2/DJI_0312.JPG",2023-06-11 11:01:33,"Grassland",38.9439043055556,97.6783118055556
"/Volumes/LEOPARDS/SuliHabitat/20230611/CP0506-2/DJI_0313.JPG",2023-06-11 11:01:53,"Grassland",38.9445825555556,97.67942075
"/Volumes/LEOPARDS/SuliHabitat/20230611/CP0506-2/DJI_0314.JPG",2023-06-11 11:01:56,"Grassland",38.9447248055556,97.67962375
"/Volumes/LEOPARDS/SuliHabitat/20230611/CP0506-2/DJI_0315.JPG",2023-06-11 11:02:38,"Grassland",38.9472683611111,97.68300375
"/Volumes/LEOPARDS/SuliHabitat/20230611/CP0506-2/DJI_0316.JPG",2023-06-11 11:02:47,"Grassland",38.9477324722222,97.6836272777778
"/Volumes/LEOPARDS/SuliHabitat/20230611/CP0506-2/DJI_0317.JPG",2023-06-11 11:03:34,"Grassland",38.9493589444444,97.6803506944444
"/Volumes/LEOPARDS/SuliHabitat/20230611/CP0506-2/DJI_0318.JPG",2023-06-11 11:03:52,"Grassland",38.95000025,97.6806843611111
"/Volumes/LEOPARDS/SuliHabitat/20230611/CP0506-2/DJI_0319.JPG",2023-06-11 11:04:42,"Grassland",38.9487611111111,97.6784376388889
"/Volumes/LEOPARDS/SuliHabitat/20230611/CP0506-2/DJI_0320.JPG",2023-06-11 11:06:01,"Shrubland",38.9526973611111,97.6775243611111
"/Volumes/LEOPARDS/SuliHabitat/20230611/CP0506-2/DJI_0321.JPG",2023-06-11 11:07:07,"Bareland",38.9550613055556,97.67829575
"/Volumes/LEOPARDS/SuliHabitat/20230611/CP0506-2/DJI_0322.JPG",2023-06-11 11:07:18,"Bareland",38.9549266111111,97.6782226111111
"/Volumes/LEOPARDS/SuliHabitat/20230611/CP0506-2/DJI_0323.JPG",2023-06-11 11:07:26,"Bareland",38.9544236666667,97.678002
"/Volumes/LEOPARDS/SuliHabitat/20230611/CP0506-2/DJI_0324.JPG",2023-06-11 11:10:59,"Shrubland",38.9420120277778,97.671957
"/Volumes/LEOPARDS/SuliHabitat/20230611/CP0506-2/DJI_0325.JPG",2023-06-11 11:11:10,"Shrubland",38.9420064722222,97.6714629444444
"/Volumes/LEOPARDS/SuliHabitat/20230611/CP0506-2/DJI_0326.JPG",2023-06-11 11:11:21,"Shrubland",38.9421313888889,97.6704570555556
"/Volumes/LEOPARDS/SuliHabitat/20230611/CP0506-2/DJI_0327.JPG",2023-06-11 11:11:30,"Shrubland",38.942266,97.66963425
"/Volumes/LEOPARDS/SuliHabitat/20230611/CP0506-2/DJI_0328.JPG",2023-06-11 11:11:51,"Shrubland",38.9427086666667,97.6689993611111
"/Volumes/LEOPARDS/SuliHabitat/20230611/CP0506-2/DJI_0329.JPG",2023-06-11 11:12:43,"Seabuckthorn",38.9402464444444,97.6665846944444
"/Volumes/LEOPARDS/SuliHabitat/20230611/CP0506-2/DJI_0330.JPG",2023-06-11 11:13:09,"Seabuckthorn",38.9401790833333,97.6653708611111
"/Volumes/LEOPARDS/SuliHabitat/20230611/CP0506-2/DJI_0331.JPG",2023-06-11 11:13:47,"Grassland",38.93762025,97.6674928055556
"/Volumes/LEOPARDS/SuliHabitat/20230611/CP0506-2/DJI_0332.JPG",2023-06-11 11:14:13,"Grassland",38.9366561388889,97.6686984444444
"/Volumes/LEOPARDS/SuliHabitat/20230611/CP0506-2/DJI_0333.JPG",2023-06-11 11:14:59,"Shrubland",38.9354113333333,97.6701223055556
"/Volumes/LEOPARDS/SuliHabitat/20230611/CP0506-2/DJI_0334.JPG",2023-06-11 11:15:10,"Shrubland",38.9350305833333,97.670342
"/Volumes/LEOPARDS/SuliHabitat/20230611/CP0506-2/DJI_0335.JPG",2023-06-11 11:16:59,"Bareland",38.9327391388889,97.6711792777778
"/Volumes/LEOPARDS/SuliHabitat/20230611/CP0506-2/DJI_0336.JPG",2023-06-11 11:17:17,"Bareland",38.9328777222222,97.6710953888889
"/Volumes/LEOPARDS/SuliHabitat/20230611/CP0506-2/DJI_0337.JPG",2023-06-11 11:19:22,"Grassland",38.93756725,97.67265575
"/Volumes/LEOPARDS/SuliHabitat/20230611/CP0506-2/DJI_0338.JPG",2023-06-11 11:19:37,"Grassland",38.9376493611111,97.6726472222222
"/Volumes/LEOPARDS/SuliHabitat/20230611/CP0506-2/DJI_0340.JPG",2023-06-11 11:20:38,"Seabuckthorn",38.9397351111111,97.6736107777778
"/Volumes/LEOPARDS/SuliHabitat/20230611/CP0506-2/DJI_0341.JPG",2023-06-11 11:20:50,"Grassland",38.9407791388889,97.6737413333333
"/Volumes/LEOPARDS/SuliHabitat/20230611/CP0506-3/DJI_0342.JPG",2023-06-11 11:39:53,"Grassland",38.9251780277778,97.7171786388889
"/Volumes/LEOPARDS/SuliHabitat/20230611/CP0506-3/DJI_0343.JPG",2023-06-11 11:40:00,"Grassland",38.9246015555556,97.71704625
"/Volumes/LEOPARDS/SuliHabitat/20230611/CP0506-3/DJI_0344.JPG",2023-06-11 11:40:24,"Grassland",38.9226144166667,97.7162098611111
"/Volumes/LEOPARDS/SuliHabitat/20230611/CP0506-3/DJI_0345.JPG",2023-06-11 11:41:25,"Bareland",38.9199695,97.7135996388889
"/Volumes/LEOPARDS/SuliHabitat/20230611/CP0506-3/DJI_0346.JPG",2023-06-11 11:41:41,"Bareland",38.9198647777778,97.7133246388889
"/Volumes/LEOPARDS/SuliHabitat/20230611/CP0506-3/DJI_0347.JPG",2023-06-11 11:42:34,"Grassland",38.91673475,97.7134111944444
"/Volumes/LEOPARDS/SuliHabitat/20230611/CP0506-3/DJI_0348.JPG",2023-06-11 11:42:54,"Bareland",38.9155787222222,97.7136192222222
"/Volumes/LEOPARDS/SuliHabitat/20230611/CP0506-3/DJI_0349.JPG",2023-06-11 11:43:33,"Bareland",38.9155071111111,97.7152420833333
"/Volumes/LEOPARDS/SuliHabitat/20230611/CP0506-3/DJI_0350.JPG",2023-06-11 11:44:19,"Bareland",38.9160958611111,97.7152343888889
"/Volumes/LEOPARDS/SuliHabitat/20230611/CP0506-3/DJI_0351.JPG",2023-06-11 11:44:28,"Bareland",38.9166156111111,97.7152124722222
"/Volumes/LEOPARDS/SuliHabitat/20230611/CP0506-3/DJI_0352.JPG",2023-06-11 11:45:49,"Shrubland",38.9186685277778,97.7171469722222
"/Volumes/LEOPARDS/SuliHabitat/20230611/CP0506-3/DJI_0353.JPG",2023-06-11 11:46:45,"Bareland",38.91720375,97.7177898611111
"/Volumes/LEOPARDS/SuliHabitat/20230611/CP0506-3/DJI_0354.JPG",2023-06-11 11:47:33,"Bareland",38.9168551666667,97.71606675
"/Volumes/LEOPARDS/SuliHabitat/20230611/CP0506-3/DJI_0355.JPG",2023-06-11 11:49:09,"Shrubland",38.9131940277778,97.7104316944444
"/Volumes/LEOPARDS/SuliHabitat/20230611/CP0506-3/DJI_0357.JPG",2023-06-11 11:51:16,"Shrubland",38.9183054166667,97.7127605555556
"/Volumes/LEOPARDS/SuliHabitat/20230611/CP0506-4/DJI_0402.JPG",2023-06-11 18:34:42,"Grassland",38.8333326111111,97.7999833888889
"/Volumes/LEOPARDS/SuliHabitat/20230611/CP0506-4/DJI_0403.JPG",2023-06-11 18:35:13,"Grassland",38.8338846388889,97.8007565277778
"/Volumes/LEOPARDS/SuliHabitat/20230611/CP0506-4/DJI_0404.JPG",2023-06-11 18:35:41,"Shrubland",38.8345814166667,97.8013019166667
"/Volumes/LEOPARDS/SuliHabitat/20230611/CP0506-4/DJI_0405.JPG",2023-06-11 18:35:46,"Shrubland",38.8348003888889,97.8014925833333
"/Volumes/LEOPARDS/SuliHabitat/20230611/CP0506-4/DJI_0406.JPG",2023-06-11 18:36:11,"Shrubland",38.8349901944444,97.8012566111111
"/Volumes/LEOPARDS/SuliHabitat/20230611/CP0506-4/DJI_0407.JPG",2023-06-11 18:36:54,"Seabuckthorn",38.8358224722222,97.7990641666667
"/Volumes/LEOPARDS/SuliHabitat/20230611/CP0506-4/DJI_0408.JPG",2023-06-11 18:37:03,"Seabuckthorn",38.8362900833333,97.7984785555556
"/Volumes/LEOPARDS/SuliHabitat/20230611/CP0506-4/DJI_0409.JPG",2023-06-11 18:37:16,"Grassland",38.8367431388889,97.7972265277778
"/Volumes/LEOPARDS/SuliHabitat/20230611/CP0506-4/DJI_0410.JPG",2023-06-11 18:38:22,"Shrubland",38.8391576388889,97.7938442222222
"/Volumes/LEOPARDS/SuliHabitat/20230611/CP0506-4/DJI_0411.JPG",2023-06-11 18:38:59,"Seabuckthorn",38.8417254722222,97.7952680555556
"/Volumes/LEOPARDS/SuliHabitat/20230611/CP0506-4/DJI_0412.JPG",2023-06-11 18:39:48,"Shrubland",38.8447560277778,97.7938184722222
"/Volumes/LEOPARDS/SuliHabitat/20230611/CP0506-4/DJI_0413.JPG",2023-06-11 18:40:53,"Shrubland",38.8472957777778,97.7902463611111
"/Volumes/LEOPARDS/SuliHabitat/20230611/CP0506-4/DJI_0414.JPG",2023-06-11 18:41:50,"Shrubland",38.8499548055556,97.7877832777778
"/Volumes/LEOPARDS/SuliHabitat/20230611/CP0506-4/DJI_0415.JPG",2023-06-11 18:42:33,"Shrubland",38.851339,97.7856275555555
"/Volumes/LEOPARDS/SuliHabitat/20230611/CP0506-4/DJI_0416.JPG",2023-06-11 18:42:52,"Shrubland",38.85231225,97.7858234444444
"/Volumes/LEOPARDS/SuliHabitat/20230611/CP0506-4/DJI_0417.JPG",2023-06-11 18:45:25,"Shrubland",38.845394,97.7859544166667
"/Volumes/LEOPARDS/SuliHabitat/20230611/CP0506-4/DJI_0418.JPG",2023-06-11 18:45:58,"Bareland",38.8439883888889,97.7839758888889
"/Volumes/LEOPARDS/SuliHabitat/20230611/CP0506-4/DJI_0419.JPG",2023-06-11 18:47:05,"Shrubland",38.8414508055556,97.7868925
"/Volumes/LEOPARDS/SuliHabitat/20230611/CP0506-4/DJI_0420.JPG",2023-06-11 18:47:59,"Shrubland",38.8413136944444,97.7873270555556
"/Volumes/LEOPARDS/SuliHabitat/20230611/CP0506-4/DJI_0421.JPG",2023-06-11 18:48:47,"Grassland",38.8379058888889,97.7905861111111
"/Volumes/LEOPARDS/SuliHabitat/20230611/CP0506-4/DJI_0422.JPG",2023-06-11 18:49:54,"Grassland",38.8342765833333,97.7965209444444
"/Volumes/LEOPARDS/SuliHabitat/20230611/CP0506-4/DJI_0424.JPG",2023-06-11 18:53:33,"Shrubland",38.8278242222222,97.7965298333333
"/Volumes/LEOPARDS/SuliHabitat/20230611/CP0506-4/DJI_0425.JPG",2023-06-11 18:54:07,"Shrubland",38.8288491666667,97.7959850833333
"/Volumes/LEOPARDS/SuliHabitat/20230611/CP0506-4/DJI_0426.JPG",2023-06-11 18:54:39,"Shrubland",38.8301415,97.7956018055555
"/Volumes/LEOPARDS/SuliHabitat/20230611/CP0506-4/DJI_0427.JPG",2023-06-11 18:55:17,"Seabuckthorn",38.83059,97.7944495277778
"/Volumes/LEOPARDS/SuliHabitat/20230611/CP0506-4/DJI_0428.JPG",2023-06-11 18:55:41,"Shrubland",38.8308086111111,97.7937506944444
"/Volumes/LEOPARDS/SuliHabitat/20230611/CP0506-4/DJI_0429.JPG",2023-06-11 18:56:08,"Grassland",38.8320696944444,97.7947167222222
"/Volumes/LEOPARDS/SuliHabitat/20230611/CP0506-4/DJI_0430.JPG",2023-06-11 18:56:37,"Grassland",38.8333694166667,97.7948286388889
"/Volumes/LEOPARDS/SuliHabitat/20230611/CP0506-4/DJI_0431.JPG",2023-06-11 18:56:51,"Grassland",38.8341878333333,97.7944689722222
"/Volumes/LEOPARDS/SuliHabitat/20230611/CP0506-4/DJI_0432.JPG",2023-06-11 18:57:09,"Grassland",38.8355321944444,97.79391225
"/Volumes/LEOPARDS/SuliHabitat/20230611/CP0506-4/DJI_0433.JPG",2023-06-11 18:58:28,"Shrubland",38.8328176388889,97.7984780277778
"/Volumes/LEOPARDS/SuliHabitat/20230611/CP0506-4/DJI_0434.JPG",2023-06-11 18:58:56,"Grassland",38.8330634166667,97.7989789722222
"/Volumes/LEOPARDS/SuliHabitat/20230611/CP0506-4/DJI_0435.JPG",2023-06-11 18:59:00,"Grassland",38.8331673333333,97.7990990833333
"/Volumes/LEOPARDS/SuliHabitat/20230611/CP0506-4/DJI_0436.JPG",2023-06-11 18:59:22,"Grassland",38.8325211388889,97.7987528888889
"/Volumes/LEOPARDS/SuliHabitat/20230611/CP0506-4/DJI_0437.JPG",2023-06-11 18:59:34,"Grassland",38.8324345,97.7987860833333
"/Volumes/LEOPARDS/SuliHabitat/20230611/CP0506-4/DJI_0438.JPG",2023-06-11 18:59:57,"Grassland",38.8322168333333,97.7999262222222
"/Volumes/LEOPARDS/SuliHabitat/20230611/CP0506-5/DJI_0439.JPG",2023-06-11 19:23:53,"Bareland",38.8954723888889,97.8056185555556
"/Volumes/LEOPARDS/SuliHabitat/20230611/CP0506-5/DJI_0440.JPG",2023-06-11 19:24:11,"Bareland",38.8966266944444,97.8060444722222
"/Volumes/LEOPARDS/SuliHabitat/20230611/CP0506-5/DJI_0441.JPG",2023-06-11 19:24:49,"Grassland",38.8997491944444,97.8059906111111
"/Volumes/LEOPARDS/SuliHabitat/20230611/CP0506-5/DJI_0442.JPG",2023-06-11 19:26:04,"Bareland",38.9035979166667,97.8055508888889
"/Volumes/LEOPARDS/SuliHabitat/20230611/CP0506-5/DJI_0443.JPG",2023-06-11 19:26:28,"Bareland",38.9036806666667,97.80482
"/Volumes/LEOPARDS/SuliHabitat/20230611/CP0506-5/DJI_0444.JPG",2023-06-11 19:26:48,"Bareland",38.9037208333333,97.8043623055556
"/Volumes/LEOPARDS/SuliHabitat/20230611/CP0506-5/DJI_0445.JPG",2023-06-11 19:27:08,"Bareland",38.9039795277778,97.8037523611111
"/Volumes/LEOPARDS/SuliHabitat/20230611/CP0506-5/DJI_0446.JPG",2023-06-11 19:27:24,"Bareland",38.9041406944444,97.8031741944444
"/Volumes/LEOPARDS/SuliHabitat/20230611/CP0506-5/DJI_0447.JPG",2023-06-11 19:27:47,"Bareland",38.9042275833333,97.8023648055556
"/Volumes/LEOPARDS/SuliHabitat/20230611/CP0506-5/DJI_0448.JPG",2023-06-11 19:28:08,"Bareland",38.90432325,97.8019309444445
"/Volumes/LEOPARDS/SuliHabitat/20230611/CP0506-5/DJI_0449.JPG",2023-06-11 19:28:28,"Bareland",38.9044051111111,97.8015135277778
"/Volumes/LEOPARDS/SuliHabitat/20230611/CP0506-5/DJI_0450.JPG",2023-06-11 19:28:48,"Bareland",38.9044302777778,97.8010435555556
"/Volumes/LEOPARDS/SuliHabitat/20230611/CP0506-5/DJI_0451.JPG",2023-06-11 19:29:12,"Bareland",38.9044452222222,97.8004275
"/Volumes/LEOPARDS/SuliHabitat/20230611/CP0506-5/DJI_0452.JPG",2023-06-11 19:29:36,"Bareland",38.9044343055556,97.7998961388889
"/Volumes/LEOPARDS/SuliHabitat/20230611/CP0506-5/DJI_0453.JPG",2023-06-11 19:29:52,"Bareland",38.9044436111111,97.7996548611111
"/Volumes/LEOPARDS/SuliHabitat/20230611/CP0506-5/DJI_0454.JPG",2023-06-11 19:30:22,"Grassland",38.9048971388889,97.7984563888889
"/Volumes/LEOPARDS/SuliHabitat/20230611/CP0506-5/DJI_0455.JPG",2023-06-11 19:34:05,"Bareland",38.9047837777778,97.7941411944444
"/Volumes/LEOPARDS/SuliHabitat/20230611/CP0506-5/DJI_0456.JPG",2023-06-11 19:35:42,"Grassland",38.90404375,97.7991095
"/Volumes/LEOPARDS/SuliHabitat/20230611/CP0506-5/DJI_0457.JPG",2023-06-11 19:36:09,"Bareland",38.9045213055556,97.8009216666667
"/Volumes/LEOPARDS/SuliHabitat/20230611/CP0506-5/DJI_0458.JPG",2023-06-11 19:37:09,"Bareland",38.9036381388889,97.8058538611111
"/Volumes/LEOPARDS/SuliHabitat/20230611/CP0506-5/DJI_0459.JPG",2023-06-11 19:39:59,"Grassland",38.8944795277778,97.8076134444444
"/Volumes/LEOPARDS/SuliHabitat/20230611/CP0506-5/DJI_0460.JPG",2023-06-11 19:40:56,"Grassland",38.8915878888889,97.8066403888889
"/Volumes/LEOPARDS/SuliHabitat/20230611/CP0506-5/DJI_0461.JPG",2023-06-11 19:41:33,"Grassland",38.8914976388889,97.8090121388889
"/Volumes/LEOPARDS/SuliHabitat/20230611/CP0506-5/DJI_0462.JPG",2023-06-11 19:42:00,"Grassland",38.8913456944444,97.81023075
"/Volumes/LEOPARDS/SuliHabitat/20230611/CP0506-5/DJI_0463.JPG",2023-06-11 19:42:40,"Shrubland",38.8928106111111,97.8088166944444
"/Volumes/LEOPARDS/SuliHabitat/20230611/CP0506-5/DJI_0464.JPG",2023-06-11 19:43:00,"Shrubland",38.8935671666667,97.8097045
"/Volumes/LEOPARDS/SuliHabitat/20230611/CP0506-5/DJI_0465.JPG",2023-06-11 19:43:41,"Shrubland",38.8953999722222,97.8082349444445
"/Volumes/LEOPARDS/SuliHabitat/20230611/CP0506-5/DJI_0466.JPG",2023-06-11 19:45:41,"Shrubland",38.8931988611111,97.8046716388889
"/Volumes/LEOPARDS/SuliHabitat/20230611/CP0506-5/DJI_0467.JPG",2023-06-11 19:45:53,"Seabuckthorn",38.8935028333333,97.8048329722222
"/Volumes/LEOPARDS/SuliHabitat/20230611/CP0506-5/DJI_0468.JPG",2023-06-11 19:46:07,"Shrubland",38.8939266111111,97.8049990555556
"/Volumes/LEOPARDS/SuliHabitat/20230611/CP0506-5/DJI_0469.JPG",2023-06-11 19:46:33,"Bareland",38.8933818888889,97.8052591666667
"/Volumes/LEOPARDS/SuliHabitat/20230611/CP0507-1/DJI_0361.JPG",2023-06-11 12:59:23,"Jiji Grass",38.8337079722222,97.7274218333333
"/Volumes/LEOPARDS/SuliHabitat/20230611/CP0507-1/DJI_0362.JPG",2023-06-11 12:59:44,"Jiji Grass",38.8332953611111,97.7267093333333
"/Volumes/LEOPARDS/SuliHabitat/20230611/CP0507-1/DJI_0363.JPG",2023-06-11 13:00:03,"Jiji Grass",38.8339007777778,97.7259186944444
"/Volumes/LEOPARDS/SuliHabitat/20230611/CP0507-1/DJI_0364.JPG",2023-06-11 13:00:35,"Jiji Grass",38.8329398888889,97.7234999166667
"/Volumes/LEOPARDS/SuliHabitat/20230611/CP0507-1/DJI_0365.JPG",2023-06-11 13:00:54,"Jiji Grass",38.8323490277778,97.7229038055556
"/Volumes/LEOPARDS/SuliHabitat/20230611/CP0507-1/DJI_0366.JPG",2023-06-11 13:01:47,"Jiji Grass",38.83380675,97.7262591388889
"/Volumes/LEOPARDS/SuliHabitat/20230611/CP0507-1/DJI_0367.JPG",2023-06-11 13:02:41,"Jiji Grass",38.8346014444444,97.7280362222222
"/Volumes/LEOPARDS/SuliHabitat/20230611/CP0507-1/DJI_0368.JPG",2023-06-11 13:03:02,"Jiji Grass",38.8348631666667,97.7278822222222
"/Volumes/LEOPARDS/SuliHabitat/20230611/CP0507-2/DJI_0369.JPG",2023-06-11 13:32:38,"Jiji Grass",38.8313321388889,97.7038780555555
"/Volumes/LEOPARDS/SuliHabitat/20230611/CP0507-2/DJI_0370.JPG",2023-06-11 13:32:46,"Jiji Grass",38.8316755833333,97.7037652777778
"/Volumes/LEOPARDS/SuliHabitat/20230611/CP0507-2/DJI_0371.JPG",2023-06-11 13:33:01,"Jiji Grass",38.8321290277778,97.7036162222222
"/Volumes/LEOPARDS/SuliHabitat/20230611/CP0507-2/DJI_0372.JPG",2023-06-11 13:33:26,"Jiji Grass",38.8327245,97.7025118333333
"/Volumes/LEOPARDS/SuliHabitat/20230611/CP0507-2/DJI_0373.JPG",2023-06-11 13:35:00,"Shrubland",38.8374432777778,97.7005341111111
"/Volumes/LEOPARDS/SuliHabitat/20230611/CP0507-2/DJI_0374.JPG",2023-06-11 13:35:34,"Shrubland",38.8372621944444,97.7018627222222
"/Volumes/LEOPARDS/SuliHabitat/20230611/CP0507-2/DJI_0375.JPG",2023-06-11 13:35:44,"Shrubland",38.8368756111111,97.7024941666667
"/Volumes/LEOPARDS/SuliHabitat/20230611/CP0507-2/DJI_0376.JPG",2023-06-11 13:36:15,"Shrubland",38.8360726388889,97.7027865833333
"/Volumes/LEOPARDS/SuliHabitat/20230611/CP0507-2/DJI_0377.JPG",2023-06-11 13:37:34,"Seabuckthorn",38.8325723055556,97.7080628888889
"/Volumes/LEOPARDS/SuliHabitat/20230611/CP0507-2/DJI_0378.JPG",2023-06-11 13:37:59,"Seabuckthorn",38.8319842777778,97.7088071388889
"/Volumes/LEOPARDS/SuliHabitat/20230611/CP0507-2/DJI_0379.JPG",2023-06-11 13:38:32,"Seabuckthorn",38.8306287777778,97.7078757222222
"/Volumes/LEOPARDS/SuliHabitat/20230611/CP0507-2/DJI_0380.JPG",2023-06-11 13:38:53,"Seabuckthorn",38.8299046111111,97.7066796944444
"/Volumes/LEOPARDS/SuliHabitat/20230611/CP0507-2/DJI_0381.JPG",2023-06-11 13:40:22,"Seabuckthorn",38.8224730833333,97.7019932777778
"/Volumes/LEOPARDS/SuliHabitat/20230611/CP0507-2/DJI_0382.JPG",2023-06-11 13:41:19,"Grassland",38.8183633611111,97.7019356666667
"/Volumes/LEOPARDS/SuliHabitat/20230611/CP0507-2/DJI_0383.JPG",2023-06-11 13:41:49,"Grassland",38.8161328888889,97.7011203888889
"/Volumes/LEOPARDS/SuliHabitat/20230611/CP0507-2/DJI_0384.JPG",2023-06-11 13:43:55,"Seabuckthorn",38.8094890555556,97.6988444722222
"/Volumes/LEOPARDS/SuliHabitat/20230611/CP0507-2/DJI_0385.JPG",2023-06-11 13:46:09,"Bareland",38.7980844166667,97.7001399722222
"/Volumes/LEOPARDS/SuliHabitat/20230611/CP0507-2/DJI_0386.JPG",2023-06-11 13:46:35,"Bareland",38.7975528611111,97.7003966944444
"/Volumes/LEOPARDS/SuliHabitat/20230611/CP0507-2/DJI_0387.JPG",2023-06-11 13:47:09,"Bareland",38.79741975,97.7007441388889
"/Volumes/LEOPARDS/SuliHabitat/20230611/CP0507-2/DJI_0388.JPG",2023-06-11 13:47:37,"Bareland",38.7978549166667,97.7003391111111
"/Volumes/LEOPARDS/SuliHabitat/20230611/CP0507-2/DJI_0390.JPG",2023-06-11 13:49:31,"Shrubland",38.8044490833333,97.7026799722222
"/Volumes/LEOPARDS/SuliHabitat/20230611/CP0507-2/DJI_0391.JPG",2023-06-11 13:50:49,"Grassland",38.8101257777778,97.7040448611111
"/Volumes/LEOPARDS/SuliHabitat/20230611/CP0507-2/DJI_0392.JPG",2023-06-11 13:52:03,"Shrubland",38.8154765833333,97.7038557777778
"/Volumes/LEOPARDS/SuliHabitat/20230611/CP0507-2/DJI_0393.JPG",2023-06-11 13:53:02,"Seabuckthorn",38.8160279166667,97.7047376111111
"/Volumes/LEOPARDS/SuliHabitat/20230611/CP0507-2/DJI_0394.JPG",2023-06-11 13:54:01,"Shrubland",38.8206071111111,97.7048544722222
"/Volumes/LEOPARDS/SuliHabitat/20230611/CP0507-2/DJI_0395.JPG",2023-06-11 13:54:19,"Shrubland",38.8213516666667,97.7061905555556
"/Volumes/LEOPARDS/SuliHabitat/20230611/CP0507-2/DJI_0396.JPG",2023-06-11 13:54:29,"Shrubland",38.8216090277778,97.7070768888889
"/Volumes/LEOPARDS/SuliHabitat/20230611/CP0507-2/DJI_0397.JPG",2023-06-11 13:55:22,"Shrubland",38.8223273611111,97.7097810833333
"/Volumes/LEOPARDS/SuliHabitat/20230611/CP0507-2/DJI_0398.JPG",2023-06-11 13:55:57,"Shrubland",38.8243666111111,97.7078420555556
"/Volumes/LEOPARDS/SuliHabitat/20230611/CP0507-2/DJI_0399.JPG",2023-06-11 13:56:03,"Shrubland",38.8249110555556,97.7072851944444
"/Volumes/LEOPARDS/SuliHabitat/20230611/CP0507-2/DJI_0400.JPG",2023-06-11 13:57:22,"Jiji Grass",38.8270580277778,97.70386075
"/Volumes/LEOPARDS/SuliHabitat/20230611/CP0507-2/DJI_0401.JPG",2023-06-11 13:57:32,"Jiji Grass",38.8267159166667,97.7035212777778
"/Volumes/LEOPARDS/SuliHabitat/20230612/CP0507-3/DJI_0658.JPG",2023-06-12 17:54:55,"Grassland",38.8013283611111,97.7360146388889
"/Volumes/LEOPARDS/SuliHabitat/20230612/CP0507-3/DJI_0659.JPG",2023-06-12 17:55:18,"Grassland",38.7994564166667,97.7368179166667
"/Volumes/LEOPARDS/SuliHabitat/20230612/CP0507-3/DJI_0660.JPG",2023-06-12 17:55:53,"Grassland",38.7968430555556,97.7387063055556
"/Volumes/LEOPARDS/SuliHabitat/20230612/CP0507-3/DJI_0661.JPG",2023-06-12 17:56:59,"Shrubland",38.7962764166667,97.7425367777778
"/Volumes/LEOPARDS/SuliHabitat/20230612/CP0507-3/DJI_0662.JPG",2023-06-12 17:58:37,"Shrubland",38.7956505277778,97.7433246388889
"/Volumes/LEOPARDS/SuliHabitat/20230612/CP0507-3/DJI_0663.JPG",2023-06-12 17:59:50,"Bareland",38.7924794722222,97.7445678055556
"/Volumes/LEOPARDS/SuliHabitat/20230612/CP0507-3/DJI_0664.JPG",2023-06-12 18:00:06,"Bareland",38.7918605833333,97.7445157777778
"/Volumes/LEOPARDS/SuliHabitat/20230612/CP0507-3/DJI_0665.JPG",2023-06-12 18:00:27,"Bareland",38.7917058888889,97.7442473333333
"/Volumes/LEOPARDS/SuliHabitat/20230612/CP0507-3/DJI_0666.JPG",2023-06-12 18:01:29,"Bareland",38.7885769166667,97.7417359166667
"/Volumes/LEOPARDS/SuliHabitat/20230612/CP0507-3/DJI_0667.JPG",2023-06-12 18:01:41,"Bareland",38.7880355833333,97.7410390555556
"/Volumes/LEOPARDS/SuliHabitat/20230612/CP0507-3/DJI_0668.JPG",2023-06-12 18:01:51,"Bareland",38.7878193611111,97.7403819166667
"/Volumes/LEOPARDS/SuliHabitat/20230612/CP0507-3/DJI_0669.JPG",2023-06-12 18:02:41,"Bareland",38.7848188055556,97.7381319444444
"/Volumes/LEOPARDS/SuliHabitat/20230612/CP0507-3/DJI_0670.JPG",2023-06-12 18:02:51,"Bareland",38.7840599444444,97.7378048055556
"/Volumes/LEOPARDS/SuliHabitat/20230612/CP0507-3/DJI_0671.JPG",2023-06-12 18:03:14,"Bareland",38.7838918333333,97.7361291111111
"/Volumes/LEOPARDS/SuliHabitat/20230612/CP0507-3/DJI_0672.JPG",2023-06-12 18:03:32,"Bareland",38.7840942777778,97.7351975
"/Volumes/LEOPARDS/SuliHabitat/20230612/CP0507-3/DJI_0673.JPG",2023-06-12 18:04:14,"Bareland",38.7815603888889,97.7353205555556
"/Volumes/LEOPARDS/SuliHabitat/20230612/CP0507-3/DJI_0674.JPG",2023-06-12 18:05:09,"Bareland",38.7821124444444,97.7325677777778
"/Volumes/LEOPARDS/SuliHabitat/20230612/CP0507-3/DJI_0675.JPG",2023-06-12 18:06:08,"Grassland",38.7868265277778,97.7314919166667
"/Volumes/LEOPARDS/SuliHabitat/20230612/CP0507-3/DJI_0676.JPG",2023-06-12 18:06:51,"Grassland",38.7902845555556,97.73331625
"/Volumes/LEOPARDS/SuliHabitat/20230612/CP0507-3/DJI_0678.JPG",2023-06-12 18:07:34,"Grassland",38.7939719444444,97.73278075
"/Volumes/LEOPARDS/SuliHabitat/20230612/CP0507-3/DJI_0679.JPG",2023-06-12 18:08:26,"Grassland",38.7977426388889,97.7348460833333
"/Volumes/LEOPARDS/SuliHabitat/20230612/CP0507-3/DJI_0680.JPG",2023-06-12 18:09:13,"Grassland",38.8001054444444,97.7373671111111
"/Volumes/LEOPARDS/SuliHabitat/20230612/CP0507-3/DJI_0682.JPG",2023-06-12 18:12:14,"Bareland",38.8062855833333,97.7399698333333
"/Volumes/LEOPARDS/SuliHabitat/20230612/CP0507-3/DJI_0683.JPG",2023-06-12 18:12:34,"Bareland",38.8072370277778,97.7397886111111
"/Volumes/LEOPARDS/SuliHabitat/20230612/CP0507-3/DJI_0684.JPG",2023-06-12 18:12:55,"Grassland",38.8076119166667,97.7396216666667
"/Volumes/LEOPARDS/SuliHabitat/20230612/CP0507-3/DJI_0685.JPG",2023-06-12 18:13:28,"Grassland",38.8065235,97.737742
"/Volumes/LEOPARDS/SuliHabitat/20230612/CP0507-3/DJI_0686.JPG",2023-06-12 18:13:38,"Grassland",38.8059565555556,97.7367160555556
"/Volumes/LEOPARDS/SuliHabitat/20230612/CP0507-3/DJI_0687.JPG",2023-06-12 18:13:53,"Grassland",38.8052178888889,97.7353949166667
"/Volumes/LEOPARDS/SuliHabitat/20230612/CP0507-3/DJI_0688.JPG",2023-06-12 18:14:19,"Grassland",38.8042823611111,97.7332038055556
"/Volumes/LEOPARDS/SuliHabitat/20230612/CP0507-3/DJI_0689.JPG",2023-06-12 18:14:51,"Grassland",38.8036456111111,97.7334474722222
"/Volumes/LEOPARDS/SuliHabitat/20230612/CP0708-1/DJI_0597.JPG",2023-06-12 12:40:34,"Shrubland",38.7964671111111,97.5021425
"/Volumes/LEOPARDS/SuliHabitat/20230612/CP0708-1/DJI_0598.JPG",2023-06-12 12:41:01,"Shrubland",38.7962536944444,97.5039170833333
"/Volumes/LEOPARDS/SuliHabitat/20230612/CP0708-1/DJI_0599.JPG",2023-06-12 12:41:15,"Shrubland",38.79598425,97.5046638611111
"/Volumes/LEOPARDS/SuliHabitat/20230612/CP0708-1/DJI_0600.JPG",2023-06-12 12:41:46,"Shrubland",38.7948097777778,97.5071370555556
"/Volumes/LEOPARDS/SuliHabitat/20230612/CP0708-1/DJI_0601.JPG",2023-06-12 12:42:04,"Shrubland",38.7943183611111,97.508279
"/Volumes/LEOPARDS/SuliHabitat/20230612/CP0708-1/DJI_0602.JPG",2023-06-12 12:42:37,"Shrubland",38.7925811944444,97.5100836111111
"/Volumes/LEOPARDS/SuliHabitat/20230612/CP0708-1/DJI_0603.JPG",2023-06-12 12:42:48,"Shrubland",38.7922930277778,97.5102971388889
"/Volumes/LEOPARDS/SuliHabitat/20230612/CP0708-1/DJI_0604.JPG",2023-06-12 12:44:05,"Shrubland",38.7901988055556,97.5104421944445
"/Volumes/LEOPARDS/SuliHabitat/20230612/CP0708-1/DJI_0605.JPG",2023-06-12 12:44:28,"Shrubland",38.7894469444444,97.5100809166667
"/Volumes/LEOPARDS/SuliHabitat/20230612/CP0708-1/DJI_0606.JPG",2023-06-12 12:46:32,"Bareland",38.7912187777778,97.5221200277778
"/Volumes/LEOPARDS/SuliHabitat/20230612/CP0708-1/DJI_0607.JPG",2023-06-12 12:46:55,"Bareland",38.7910054722222,97.5226675833333
"/Volumes/LEOPARDS/SuliHabitat/20230612/CP0708-1/DJI_0608.JPG",2023-06-12 12:47:16,"Bareland",38.7907150277778,97.5228850833333
"/Volumes/LEOPARDS/SuliHabitat/20230612/CP0708-1/DJI_0609.JPG",2023-06-12 12:49:05,"Grassland",38.7872251388889,97.51614725
"/Volumes/LEOPARDS/SuliHabitat/20230612/CP0708-1/DJI_0610.JPG",2023-06-12 12:50:37,"Grassland",38.7911095555556,97.5072319722222
"/Volumes/LEOPARDS/SuliHabitat/20230612/CP0708-1/DJI_0611.JPG",2023-06-12 12:51:17,"Shrubland",38.7918207777778,97.5036646111111
"/Volumes/LEOPARDS/SuliHabitat/20230612/CP0708-1/DJI_0612.JPG",2023-06-12 12:51:43,"Shrubland",38.7918290555556,97.5011908055556
"/Volumes/LEOPARDS/SuliHabitat/20230612/CP0708-1/DJI_0613.JPG",2023-06-12 12:52:20,"Grassland",38.7913431666667,97.4969873611111
"/Volumes/LEOPARDS/SuliHabitat/20230612/CP0708-1/DJI_0614.JPG",2023-06-12 12:52:41,"Grassland",38.79122075,97.494596
"/Volumes/LEOPARDS/SuliHabitat/20230612/CP0708-1/DJI_0615.JPG",2023-06-12 12:53:44,"Shrubland",38.7883515555556,97.4896326388889
"/Volumes/LEOPARDS/SuliHabitat/20230612/CP0708-1/DJI_0616.JPG",2023-06-12 12:54:24,"Bareland",38.7890524444444,97.4893381388889
"/Volumes/LEOPARDS/SuliHabitat/20230612/CP0708-1/DJI_0617.JPG",2023-06-12 12:54:35,"Shrubland",38.7895588333333,97.4899950833333
"/Volumes/LEOPARDS/SuliHabitat/20230612/CP0708-1/DJI_0618.JPG",2023-06-12 12:55:37,"Grassland",38.7935706111111,97.4946526388889
"/Volumes/LEOPARDS/SuliHabitat/20230612/CP0708-1/DJI_0619.JPG",2023-06-12 12:56:21,"Grassland",38.7931644722222,97.49742475
"/Volumes/LEOPARDS/SuliHabitat/20230612/CP0708-1/DJI_0620.JPG",2023-06-12 12:57:05,"Shrubland",38.7912934444444,97.5003811666667
"/Volumes/LEOPARDS/SuliHabitat/20230612/CP0708-1/DJI_0621.JPG",2023-06-12 12:57:36,"Shrubland",38.7903402222222,97.5016335
"/Volumes/LEOPARDS/SuliHabitat/20230612/CP0708-1/DJI_0622.JPG",2023-06-12 12:58:41,"Grassland",38.7947848333333,97.4985612222222
"/Volumes/LEOPARDS/SuliHabitat/20230612/CP0708-1/DJI_0623.JPG",2023-06-12 12:59:47,"Seabuckthorn",38.7968922777778,97.4987951388889
"/Volumes/LEOPARDS/SuliHabitat/20230612/CP0708-1/DJI_0624.JPG",2023-06-12 13:00:29,"Seabuckthorn",38.7956194444444,97.4976607777778
"/Volumes/LEOPARDS/SuliHabitat/20230612/CP0708-1/DJI_0625.JPG",2023-06-12 13:00:55,"Seabuckthorn",38.7961661388889,97.4981011388889
"/Volumes/LEOPARDS/SuliHabitat/20230612/CP0708-1/DJI_0626.JPG",2023-06-12 13:01:07,"Seabuckthorn",38.7963385,97.4985091111111
"/Volumes/LEOPARDS/SuliHabitat/20230612/CP0708-2/DJI_0627.JPG",2023-06-12 17:13:18,"Jiji Grass",38.8609799166667,97.7304159722222
"/Volumes/LEOPARDS/SuliHabitat/20230612/CP0708-2/DJI_0628.JPG",2023-06-12 17:13:29,"Jiji Grass",38.8609755277778,97.7295817222222
"/Volumes/LEOPARDS/SuliHabitat/20230612/CP0708-2/DJI_0629.JPG",2023-06-12 17:13:43,"Jiji Grass",38.8615485833333,97.7290959444444
"/Volumes/LEOPARDS/SuliHabitat/20230612/CP0708-2/DJI_0630.JPG",2023-06-12 17:14:24,"Jiji Grass",38.8622277222222,97.7280678055556
"/Volumes/LEOPARDS/SuliHabitat/20230612/CP0708-2/DJI_0631.JPG",2023-06-12 17:14:57,"Jiji Grass",38.86450125,97.7276727222222
"/Volumes/LEOPARDS/SuliHabitat/20230612/CP0708-2/DJI_0632.JPG",2023-06-12 17:15:26,"Jiji Grass",38.8662357222222,97.7274188611111
"/Volumes/LEOPARDS/SuliHabitat/20230612/CP0708-2/DJI_0633.JPG",2023-06-12 17:15:57,"Jiji Grass",38.8676652777778,97.7268378888889
"/Volumes/LEOPARDS/SuliHabitat/20230612/CP0708-2/DJI_0634.JPG",2023-06-12 17:16:51,"Shrubland",38.8707371111111,97.7256081944444
"/Volumes/LEOPARDS/SuliHabitat/20230612/CP0708-2/DJI_0635.JPG",2023-06-12 17:17:45,"Shrubland",38.8733703611111,97.7238975
"/Volumes/LEOPARDS/SuliHabitat/20230612/CP0708-2/DJI_0636.JPG",2023-06-12 17:18:40,"Shrubland",38.8754050555556,97.7227981111111
"/Volumes/LEOPARDS/SuliHabitat/20230612/CP0708-2/DJI_0637.JPG",2023-06-12 17:21:06,"Grassland",38.8674583611111,97.7272993333333
"/Volumes/LEOPARDS/SuliHabitat/20230612/CP0708-2/DJI_0638.JPG",2023-06-12 17:21:54,"Shrubland",38.8651860833333,97.7287154444444
"/Volumes/LEOPARDS/SuliHabitat/20230612/CP0708-2/DJI_0639.JPG",2023-06-12 17:22:56,"Shrubland",38.8618686388889,97.7311371111111
"/Volumes/LEOPARDS/SuliHabitat/20230612/CP0708-2/DJI_0640.JPG",2023-06-12 17:23:17,"Shrubland",38.8623411944444,97.7317048888889
"/Volumes/LEOPARDS/SuliHabitat/20230612/CP0708-2/DJI_0641.JPG",2023-06-12 17:23:31,"Jiji Grass",38.8625553611111,97.7321571666667
"/Volumes/LEOPARDS/SuliHabitat/20230612/CP0708-2/DJI_0642.JPG",2023-06-12 17:24:21,"Jiji Grass",38.8633365555556,97.7326550277778
"/Volumes/LEOPARDS/SuliHabitat/20230612/CP0708-2/DJI_0643.JPG",2023-06-12 17:24:57,"Shrubland",38.8621678055556,97.7333677777778
"/Volumes/LEOPARDS/SuliHabitat/20230612/CP0708-2/DJI_0644.JPG",2023-06-12 17:26:02,"Shrubland",38.8608538888889,97.73177825
"/Volumes/LEOPARDS/SuliHabitat/20230612/CP0708-2/DJI_0645.JPG",2023-06-12 17:26:59,"Shrubland",38.8596087777778,97.7338644722222
"/Volumes/LEOPARDS/SuliHabitat/20230612/CP0708-2/DJI_0646.JPG",2023-06-12 17:27:42,"Shrubland",38.8599150833333,97.7363146944444
"/Volumes/LEOPARDS/SuliHabitat/20230612/CP0708-2/DJI_0647.JPG",2023-06-12 17:29:03,"Shrubland",38.85880175,97.7329861388889
"/Volumes/LEOPARDS/SuliHabitat/20230612/CP0708-2/DJI_0648.JPG",2023-06-12 17:31:03,"Jiji Grass",38.8569083888889,97.7317520833333
"/Volumes/LEOPARDS/SuliHabitat/20230612/CP0708-2/DJI_0649.JPG",2023-06-12 17:31:51,"Bareland",38.8569405277778,97.7307392777778
"/Volumes/LEOPARDS/SuliHabitat/20230612/CP0708-2/DJI_0650.JPG",2023-06-12 17:32:18,"Bareland",38.8552392222222,97.7302923055556
"/Volumes/LEOPARDS/SuliHabitat/20230612/CP0708-2/DJI_0651.JPG",2023-06-12 17:32:49,"Seabuckthorn",38.8567618611111,97.7294604166667
"/Volumes/LEOPARDS/SuliHabitat/20230612/CP0708-2/DJI_0652.JPG",2023-06-12 17:33:13,"Bareland",38.8574801388889,97.7298179166667
"/Volumes/LEOPARDS/SuliHabitat/20230612/CP0708-2/DJI_0653.JPG",2023-06-12 17:33:46,"Seabuckthorn",38.8599641666667,97.73075725
"/Volumes/LEOPARDS/SuliHabitat/20230612/CP0708-2/DJI_0654.JPG",2023-06-12 17:33:53,"Seabuckthorn",38.8604128888889,97.7307383888889
"/Volumes/LEOPARDS/SuliHabitat/20230612/CP0708-2/DJI_0655.JPG",2023-06-12 17:34:04,"Seabuckthorn",38.8606963888889,97.7308806666667
"/Volumes/LEOPARDS/SuliHabitat/20230612/CP0708-2/DJI_0656.JPG",2023-06-12 17:34:21,"Bareland",38.8611265833333,97.7313713888889
"/Volumes/LEOPARDS/SuliHabitat/20230612/CP0708-2/DJI_0657.JPG",2023-06-12 17:34:34,"Jiji Grass",38.8608910555556,97.7318645277778
"/Volumes/LEOPARDS/SuliHabitat/20230612/CP0809-1/DJI_0470.JPG",2023-06-12 09:37:11,"Grassland",38.8551281111111,97.271761
"/Volumes/LEOPARDS/SuliHabitat/20230612/CP0809-1/DJI_0471.JPG",2023-06-12 09:37:53,"Bareland",38.8545654722222,97.2741441111111
"/Volumes/LEOPARDS/SuliHabitat/20230612/CP0809-1/DJI_0472.JPG",2023-06-12 09:38:18,"Grassland",38.8541346111111,97.2752885555556
"/Volumes/LEOPARDS/SuliHabitat/20230612/CP0809-1/DJI_0473.JPG",2023-06-12 09:39:04,"Bareland",38.8555960277778,97.2770104722222
"/Volumes/LEOPARDS/SuliHabitat/20230612/CP0809-1/DJI_0474.JPG",2023-06-12 09:39:50,"Bareland",38.8562305555556,97.2781265277778
"/Volumes/LEOPARDS/SuliHabitat/20230612/CP0809-1/DJI_0475.JPG",2023-06-12 09:40:28,"Bareland",38.8571093333333,97.2789605833333
"/Volumes/LEOPARDS/SuliHabitat/20230612/CP0809-1/DJI_0476.JPG",2023-06-12 09:41:01,"Bareland",38.8573631111111,97.2792563888889
"/Volumes/LEOPARDS/SuliHabitat/20230612/CP0809-1/DJI_0477.JPG",2023-06-12 09:41:39,"Bareland",38.8586478611111,97.2784645833333
"/Volumes/LEOPARDS/SuliHabitat/20230612/CP0809-1/DJI_0478.JPG",2023-06-12 09:42:11,"Bareland",38.8601519166667,97.2778409444444
"/Volumes/LEOPARDS/SuliHabitat/20230612/CP0809-1/DJI_0479.JPG",2023-06-12 09:45:24,"Bareland",38.8683411666667,97.2684305277778
"/Volumes/LEOPARDS/SuliHabitat/20230612/CP0809-1/DJI_0480.JPG",2023-06-12 09:46:16,"Grassland",38.8722067777778,97.2685186944444
"/Volumes/LEOPARDS/SuliHabitat/20230612/CP0809-1/DJI_0481.JPG",2023-06-12 09:47:02,"Grassland",38.8742120833333,97.2676651111111
"/Volumes/LEOPARDS/SuliHabitat/20230612/CP0809-1/DJI_0482.JPG",2023-06-12 09:47:28,"Bareland",38.8752386388889,97.26685575
"/Volumes/LEOPARDS/SuliHabitat/20230612/CP0809-1/DJI_0483.JPG",2023-06-12 09:47:50,"Bareland",38.8758478611111,97.2651676388889
"/Volumes/LEOPARDS/SuliHabitat/20230612/CP0809-1/DJI_0484.JPG",2023-06-12 09:48:02,"Bareland",38.8759701666667,97.2646856111111
"/Volumes/LEOPARDS/SuliHabitat/20230612/CP0809-1/DJI_0485.JPG",2023-06-12 09:48:21,"Bareland",38.8758785277778,97.2640397222222
"/Volumes/LEOPARDS/SuliHabitat/20230612/CP0809-1/DJI_0486.JPG",2023-06-12 09:48:27,"Bareland",38.87587825,97.2640365833333
"/Volumes/LEOPARDS/SuliHabitat/20230612/CP0809-1/DJI_0487.JPG",2023-06-12 09:48:52,"Bareland",38.8758466388889,97.2629546666667
"/Volumes/LEOPARDS/SuliHabitat/20230612/CP0809-1/DJI_0488.JPG",2023-06-12 09:49:05,"Bareland",38.8757986944444,97.2624947222222
"/Volumes/LEOPARDS/SuliHabitat/20230612/CP0809-1/DJI_0489.JPG",2023-06-12 09:49:34,"Bareland",38.8759465555556,97.2615038055555
"/Volumes/LEOPARDS/SuliHabitat/20230612/CP0809-1/DJI_0490.JPG",2023-06-12 09:50:04,"Bareland",38.8761253888889,97.2608033333333
"/Volumes/LEOPARDS/SuliHabitat/20230612/CP0809-1/DJI_0491.JPG",2023-06-12 09:50:44,"Bareland",38.874905,97.2623926666667
"/Volumes/LEOPARDS/SuliHabitat/20230612/CP0809-1/DJI_0492.JPG",2023-06-12 09:50:59,"Bareland",38.8741356944444,97.2634013611111
"/Volumes/LEOPARDS/SuliHabitat/20230612/CP0809-1/DJI_0493.JPG",2023-06-12 09:51:41,"Grassland",38.8732426944444,97.2645984444444
"/Volumes/LEOPARDS/SuliHabitat/20230612/CP0809-1/DJI_0494.JPG",2023-06-12 09:52:18,"Bareland",38.8718648333333,97.2669225
"/Volumes/LEOPARDS/SuliHabitat/20230612/CP0809-1/DJI_0495.JPG",2023-06-12 09:53:07,"Grassland",38.8680617777778,97.2683772777778
"/Volumes/LEOPARDS/SuliHabitat/20230612/CP0809-1/DJI_0496.JPG",2023-06-12 09:54:49,"Grassland",38.858852,97.2689199444444
"/Volumes/LEOPARDS/SuliHabitat/20230612/CP0809-1/DJI_0497.JPG",2023-06-12 09:56:53,"Grassland",38.85452075,97.2685644722222
"/Volumes/LEOPARDS/SuliHabitat/20230612/CP0809-1/DJI_0498.JPG",2023-06-12 09:57:17,"Bareland",38.8549293055556,97.2694098611111
"/Volumes/LEOPARDS/SuliHabitat/20230612/CP0809-1/DJI_0499.JPG",2023-06-12 09:57:24,"Grassland",38.8548764722222,97.269329
"/Volumes/LEOPARDS/SuliHabitat/20230612/CP0809-2/DJI_0500.JPG",2023-06-12 10:33:30,"Grassland",38.79038475,97.4103884722222
"/Volumes/LEOPARDS/SuliHabitat/20230612/CP0809-2/DJI_0501.JPG",2023-06-12 10:33:53,"Grassland",38.7897269166667,97.4090281388889
"/Volumes/LEOPARDS/SuliHabitat/20230612/CP0809-2/DJI_0502.JPG",2023-06-12 10:34:12,"Bareland",38.7890069444444,97.4076072222222
"/Volumes/LEOPARDS/SuliHabitat/20230612/CP0809-2/DJI_0503.JPG",2023-06-12 10:34:25,"Grassland",38.7886023611111,97.4068103611111
"/Volumes/LEOPARDS/SuliHabitat/20230612/CP0809-2/DJI_0504.JPG",2023-06-12 10:35:04,"Grassland",38.7869098611111,97.4035406666667
"/Volumes/LEOPARDS/SuliHabitat/20230612/CP0809-2/DJI_0505.JPG",2023-06-12 10:35:49,"Grassland",38.7851557222222,97.4006439722222
"/Volumes/LEOPARDS/SuliHabitat/20230612/CP0809-2/DJI_0506.JPG",2023-06-12 10:36:06,"Grassland",38.7846149722222,97.3997225833333
"/Volumes/LEOPARDS/SuliHabitat/20230612/CP0809-2/DJI_0507.JPG",2023-06-12 10:36:30,"Grassland",38.78385425,97.3986536944444
"/Volumes/LEOPARDS/SuliHabitat/20230612/CP0809-2/DJI_0508.JPG",2023-06-12 10:37:13,"Grassland",38.7813995,97.3957853055555
"/Volumes/LEOPARDS/SuliHabitat/20230612/CP0809-2/DJI_0509.JPG",2023-06-12 10:37:25,"Grassland",38.7807419722222,97.3949751388889
"/Volumes/LEOPARDS/SuliHabitat/20230612/CP0809-2/DJI_0510.JPG",2023-06-12 10:38:05,"Grassland",38.7788343055556,97.3924281388889
"/Volumes/LEOPARDS/SuliHabitat/20230612/CP0809-2/DJI_0511.JPG",2023-06-12 10:38:25,"Grassland",38.7774842777778,97.3906011388889
"/Volumes/LEOPARDS/SuliHabitat/20230612/CP0809-2/DJI_0512.JPG",2023-06-12 10:38:51,"Grassland",38.7757968888889,97.38831325
"/Volumes/LEOPARDS/SuliHabitat/20230612/CP0809-2/DJI_0513.JPG",2023-06-12 10:39:01,"Grassland",38.7751827222222,97.3874875555556
"/Volumes/LEOPARDS/SuliHabitat/20230612/CP0809-2/DJI_0514.JPG",2023-06-12 10:39:26,"Grassland",38.7735606944444,97.3853193055556
"/Volumes/LEOPARDS/SuliHabitat/20230612/CP0809-2/DJI_0515.JPG",2023-06-12 10:41:21,"Grassland",38.7657333333333,97.3771028055556
"/Volumes/LEOPARDS/SuliHabitat/20230612/CP0809-2/DJI_0516.JPG",2023-06-12 10:41:29,"Bareland",38.7651683333333,97.3765989166667
"/Volumes/LEOPARDS/SuliHabitat/20230612/CP0809-2/DJI_0517.JPG",2023-06-12 10:41:38,"Bareland",38.7645346388889,97.3760196944444
"/Volumes/LEOPARDS/SuliHabitat/20230612/CP0809-2/DJI_0518.JPG",2023-06-12 10:41:53,"Bareland",38.76384175,97.3753705555555
"/Volumes/LEOPARDS/SuliHabitat/20230612/CP0809-2/DJI_0519.JPG",2023-06-12 10:42:10,"Bareland",38.7633813055556,97.3749524722222
"/Volumes/LEOPARDS/SuliHabitat/20230612/CP0809-2/DJI_0520.JPG",2023-06-12 10:42:23,"Bareland",38.7631023333333,97.3740683611111
"/Volumes/LEOPARDS/SuliHabitat/20230612/CP0809-2/DJI_0521.JPG",2023-06-12 10:42:31,"Bareland",38.7634834166667,97.3739105
"/Volumes/LEOPARDS/SuliHabitat/20230612/CP0809-2/DJI_0522.JPG",2023-06-12 10:42:41,"Bareland",38.7637508611111,97.3743286944444
"/Volumes/LEOPARDS/SuliHabitat/20230612/CP0809-2/DJI_0523.JPG",2023-06-12 10:42:50,"Bareland",38.7643127777778,97.3753327222222
"/Volumes/LEOPARDS/SuliHabitat/20230612/CP0809-2/DJI_0524.JPG",2023-06-12 10:42:58,"Bareland",38.7647321666667,97.3760781944444
"/Volumes/LEOPARDS/SuliHabitat/20230612/CP0809-2/DJI_0525.JPG",2023-06-12 10:43:39,"Grassland",38.76629,97.3788603611111
"/Volumes/LEOPARDS/SuliHabitat/20230612/CP0809-2/DJI_0526.JPG",2023-06-12 10:43:53,"Grassland",38.7667499722222,97.3796528055556
"/Volumes/LEOPARDS/SuliHabitat/20230612/CP0809-2/DJI_0527.JPG",2023-06-12 10:44:05,"Grassland",38.7672846111111,97.3805841666667
"/Volumes/LEOPARDS/SuliHabitat/20230612/CP0809-2/DJI_0528.JPG",2023-06-12 10:45:06,"Grassland",38.7712493055556,97.3838297222222
"/Volumes/LEOPARDS/SuliHabitat/20230612/CP0809-2/DJI_0529.JPG",2023-06-12 10:45:40,"Grassland",38.7736016666667,97.385778
"/Volumes/LEOPARDS/SuliHabitat/20230612/CP0809-2/DJI_0531.JPG",2023-06-12 10:46:24,"Grassland",38.7765064722222,97.3898365277778
"/Volumes/LEOPARDS/SuliHabitat/20230612/CP0809-2/DJI_0532.JPG",2023-06-12 10:46:46,"Grassland",38.7779990555556,97.3919261944445
"/Volumes/LEOPARDS/SuliHabitat/20230612/CP0809-2/DJI_0533.JPG",2023-06-12 10:47:26,"Grassland",38.7806527777778,97.3956191388889
"/Volumes/LEOPARDS/SuliHabitat/20230612/CP0809-2/DJI_0534.JPG",2023-06-12 10:47:45,"Grassland",38.7822038888889,97.3970570277778
"/Volumes/LEOPARDS/SuliHabitat/20230612/CP0809-2/DJI_0535.JPG",2023-06-12 10:48:08,"Grassland",38.7841909166667,97.3984235
"/Volumes/LEOPARDS/SuliHabitat/20230612/CP0809-2/DJI_0536.JPG",2023-06-12 10:48:45,"Grassland",38.7873843888889,97.4006343333333
"/Volumes/LEOPARDS/SuliHabitat/20230612/CP0809-2/DJI_0537.JPG",2023-06-12 10:48:57,"Grassland",38.7884577777778,97.401376
"/Volumes/LEOPARDS/SuliHabitat/20230612/CP0809-2/DJI_0538.JPG",2023-06-12 10:49:15,"Grassland",38.7900009444444,97.4024392222222
"/Volumes/LEOPARDS/SuliHabitat/20230612/CP0809-2/DJI_0539.JPG",2023-06-12 10:49:32,"Grassland",38.7915269722222,97.4034924444444
"/Volumes/LEOPARDS/SuliHabitat/20230612/CP0809-2/DJI_0540.JPG",2023-06-12 10:49:57,"Grassland",38.7936931666667,97.4049860833333
"/Volumes/LEOPARDS/SuliHabitat/20230612/CP0809-2/DJI_0541.JPG",2023-06-12 10:50:33,"Grassland",38.7968006388889,97.4071314722222
"/Volumes/LEOPARDS/SuliHabitat/20230612/CP0809-2/DJI_0542.JPG",2023-06-12 10:50:50,"Grassland",38.7969570277778,97.4089325
"/Volumes/LEOPARDS/SuliHabitat/20230612/CP0809-2/DJI_0543.JPG",2023-06-12 10:51:01,"Grassland",38.7967684166667,97.4103278333333
"/Volumes/LEOPARDS/SuliHabitat/20230612/CP0809-2/DJI_0546.JPG",2023-06-12 10:51:52,"Grassland",38.7958503888889,97.4135736666667
"/Volumes/LEOPARDS/SuliHabitat/20230612/CP0809-2/DJI_0549.JPG",2023-06-12 10:53:13,"Grassland",38.7919778055556,97.4116525
"/Volumes/LEOPARDS/SuliHabitat/20230612/CP0809-2/DJI_0551.JPG",2023-06-12 10:54:21,"Grassland",38.7909166944444,97.4116844722222
"/Volumes/LEOPARDS/SuliHabitat/20230612/CP0809-2/DJI_0552.JPG",2023-06-12 10:54:35,"Grassland",38.7911844722222,97.4119280277778
"/Volumes/LEOPARDS/SuliHabitat/20230612/CP0809-2/DJI_0554.JPG",2023-06-12 10:55:12,"Grassland",38.7908020833333,97.4121913055556
"/Volumes/LEOPARDS/SuliHabitat/20230612/CP0811-1/DJI_0555.JPG",2023-06-12 11:34:13,"Grassland",38.7260023333333,97.4401425555556
"/Volumes/LEOPARDS/SuliHabitat/20230612/CP0811-1/DJI_0556.JPG",2023-06-12 11:34:38,"Grassland",38.7264743888889,97.4375235277778
"/Volumes/LEOPARDS/SuliHabitat/20230612/CP0811-1/DJI_0557.JPG",2023-06-12 11:34:44,"Grassland",38.7265596666667,97.4370986388889
"/Volumes/LEOPARDS/SuliHabitat/20230612/CP0811-1/DJI_0558.JPG",2023-06-12 11:34:56,"Grassland",38.7267196388889,97.4363200833333
"/Volumes/LEOPARDS/SuliHabitat/20230612/CP0811-1/DJI_0559.JPG",2023-06-12 11:35:21,"Grassland",38.7273344722222,97.4328923333333
"/Volumes/LEOPARDS/SuliHabitat/20230612/CP0811-1/DJI_0560.JPG",2023-06-12 11:35:48,"Grassland",38.7278676944444,97.4297801111111
"/Volumes/LEOPARDS/SuliHabitat/20230612/CP0811-1/DJI_0561.JPG",2023-06-12 11:36:04,"Shrubland",38.7281800833333,97.4280019166667
"/Volumes/LEOPARDS/SuliHabitat/20230612/CP0811-1/DJI_0562.JPG",2023-06-12 11:36:36,"Bareland",38.728487,97.4262435
"/Volumes/LEOPARDS/SuliHabitat/20230612/CP0811-1/DJI_0563.JPG",2023-06-12 11:36:56,"Shrubland",38.7284255833333,97.4252979444444
"/Volumes/LEOPARDS/SuliHabitat/20230612/CP0811-1/DJI_0564.JPG",2023-06-12 11:37:15,"Grassland",38.7291061111111,97.4247058333333
"/Volumes/LEOPARDS/SuliHabitat/20230612/CP0811-1/DJI_0565.JPG",2023-06-12 11:37:36,"Grassland",38.7308371111111,97.4246784722222
"/Volumes/LEOPARDS/SuliHabitat/20230612/CP0811-1/DJI_0566.JPG",2023-06-12 11:37:57,"Grassland",38.7331179166667,97.4254586666667
"/Volumes/LEOPARDS/SuliHabitat/20230612/CP0811-1/DJI_0567.JPG",2023-06-12 11:38:04,"Grassland",38.7338946111111,97.4258086388889
"/Volumes/LEOPARDS/SuliHabitat/20230612/CP0811-1/DJI_0568.JPG",2023-06-12 11:38:18,"Grassland",38.7357819444444,97.4264045277778
"/Volumes/LEOPARDS/SuliHabitat/20230612/CP0811-1/DJI_0569.JPG",2023-06-12 11:38:47,"Grassland",38.7394171388889,97.4271789444444
"/Volumes/LEOPARDS/SuliHabitat/20230612/CP0811-1/DJI_0570.JPG",2023-06-12 11:39:11,"Shrubland",38.7399739722222,97.4284225555556
"/Volumes/LEOPARDS/SuliHabitat/20230612/CP0811-1/DJI_0571.JPG",2023-06-12 11:39:25,"Shrubland",38.7408420555556,97.429416
"/Volumes/LEOPARDS/SuliHabitat/20230612/CP0811-1/DJI_0572.JPG",2023-06-12 11:40:51,"Grassland",38.7436749722222,97.4412500555556
"/Volumes/LEOPARDS/SuliHabitat/20230612/CP0811-1/DJI_0573.JPG",2023-06-12 11:42:48,"Grassland",38.7386238333333,97.4585889166667
"/Volumes/LEOPARDS/SuliHabitat/20230612/CP0811-1/DJI_0574.JPG",2023-06-12 11:43:43,"Grassland",38.7349411111111,97.4662710555556
"/Volumes/LEOPARDS/SuliHabitat/20230612/CP0811-1/DJI_0575.JPG",2023-06-12 11:44:39,"Shrubland",38.7335224166667,97.4739923055556
"/Volumes/LEOPARDS/SuliHabitat/20230612/CP0811-1/DJI_0576.JPG",2023-06-12 11:45:08,"Grassland",38.7331095555556,97.47668375
"/Volumes/LEOPARDS/SuliHabitat/20230612/CP0811-1/DJI_0577.JPG",2023-06-12 11:45:43,"Bareland",38.7324102777778,97.4786086944444
"/Volumes/LEOPARDS/SuliHabitat/20230612/CP0811-1/DJI_0578.JPG",2023-06-12 11:46:02,"Bareland",38.7315693888889,97.4797699722222
"/Volumes/LEOPARDS/SuliHabitat/20230612/CP0811-1/DJI_0579.JPG",2023-06-12 11:46:44,"Bareland",38.7290888888889,97.4818393333333
"/Volumes/LEOPARDS/SuliHabitat/20230612/CP0811-1/DJI_0580.JPG",2023-06-12 11:47:43,"Bareland",38.7272647222222,97.4825493611111
"/Volumes/LEOPARDS/SuliHabitat/20230612/CP0811-1/DJI_0581.JPG",2023-06-12 11:48:05,"Bareland",38.72625825,97.48340925
"/Volumes/LEOPARDS/SuliHabitat/20230612/CP0811-1/DJI_0582.JPG",2023-06-12 11:48:20,"Bareland",38.7258021666667,97.4838043055556
"/Volumes/LEOPARDS/SuliHabitat/20230612/CP0811-1/DJI_0583.JPG",2023-06-12 11:48:48,"Bareland",38.72399375,97.4848182777778
"/Volumes/LEOPARDS/SuliHabitat/20230612/CP0811-1/DJI_0584.JPG",2023-06-12 11:49:15,"Bareland",38.7233527777778,97.4856563055556
"/Volumes/LEOPARDS/SuliHabitat/20230612/CP0811-1/DJI_0585.JPG",2023-06-12 11:49:24,"Bareland",38.7230203333333,97.4862657222222
"/Volumes/LEOPARDS/SuliHabitat/20230612/CP0811-1/DJI_0586.JPG",2023-06-12 11:49:33,"Bareland",38.7226009444444,97.4865735277778
"/Volumes/LEOPARDS/SuliHabitat/20230612/CP0811-1/DJI_0587.JPG",2023-06-12 11:49:50,"Bareland",38.7222075555556,97.4867698888889
"/Volumes/LEOPARDS/SuliHabitat/20230612/CP0811-1/DJI_0588.JPG",2023-06-12 11:50:02,"Bareland",38.7219441666667,97.4867554166667
"/Volumes/LEOPARDS/SuliHabitat/20230612/CP0811-1/DJI_0589.JPG",2023-06-12 11:50:08,"Bareland",38.7217116666667,97.48657225
"/Volumes/LEOPARDS/SuliHabitat/20230612/CP0811-1/DJI_0590.JPG",2023-06-12 11:50:12,"Bareland",38.7215729722222,97.4864608888889
"/Volumes/LEOPARDS/SuliHabitat/20230612/CP0811-1/DJI_0591.JPG",2023-06-12 11:50:31,"Bareland",38.7215121388889,97.4860555833333
"/Volumes/LEOPARDS/SuliHabitat/20230612/CP0811-1/DJI_0592.JPG",2023-06-12 11:50:48,"Bareland",38.7210037777778,97.48546675
"/Volumes/LEOPARDS/SuliHabitat/20230612/CP0811-1/DJI_0593.JPG",2023-06-12 11:51:34,"Shrubland",38.7217411111111,97.4830003888889
"/Volumes/LEOPARDS/SuliHabitat/20230612/CP0811-1/DJI_0594.JPG",2023-06-12 11:53:18,"Bareland",38.7186533055556,97.4710236944444
"/Volumes/LEOPARDS/SuliHabitat/20230613/CP0304-1/DJI_0690.JPG",2023-06-13 09:40:14,"Grassland",38.6070162222222,98.1422129166667
"/Volumes/LEOPARDS/SuliHabitat/20230613/CP0304-1/DJI_0691.JPG",2023-06-13 09:40:21,"Grassland",38.6066256111111,98.1419881388889
"/Volumes/LEOPARDS/SuliHabitat/20230613/CP0304-1/DJI_0692.JPG",2023-06-13 09:40:33,"Grassland",38.6059646666667,98.14160525
"/Volumes/LEOPARDS/SuliHabitat/20230613/CP0304-1/DJI_0693.JPG",2023-06-13 09:40:42,"Grassland",38.6054361111111,98.1412764166667
"/Volumes/LEOPARDS/SuliHabitat/20230613/CP0304-1/DJI_0694.JPG",2023-06-13 09:41:00,"Grassland",38.6041089722222,98.1404723333333
"/Volumes/LEOPARDS/SuliHabitat/20230613/CP0304-1/DJI_0695.JPG",2023-06-13 09:41:17,"Seabuckthorn",38.6033191388889,98.1399731388889
"/Volumes/LEOPARDS/SuliHabitat/20230613/CP0304-1/DJI_0696.JPG",2023-06-13 09:41:49,"Seabuckthorn",38.6017864166667,98.1399655833333
"/Volumes/LEOPARDS/SuliHabitat/20230613/CP0304-1/DJI_0697.JPG",2023-06-13 09:42:14,"Grassland",38.6001266944444,98.1387036944444
"/Volumes/LEOPARDS/SuliHabitat/20230613/CP0304-1/DJI_0698.JPG",2023-06-13 09:42:38,"Seabuckthorn",38.6015965277778,98.1372415277778
"/Volumes/LEOPARDS/SuliHabitat/20230613/CP0304-1/DJI_0699.JPG",2023-06-13 09:42:49,"Seabuckthorn",38.6024604444444,98.1363195833333
"/Volumes/LEOPARDS/SuliHabitat/20230613/CP0304-1/DJI_0700.JPG",2023-06-13 09:42:58,"Seabuckthorn",38.6031134444444,98.1356196666667
"/Volumes/LEOPARDS/SuliHabitat/20230613/CP0304-1/DJI_0701.JPG",2023-06-13 09:43:45,"Seabuckthorn",38.6074621666667,98.1341088333333
"/Volumes/LEOPARDS/SuliHabitat/20230613/CP0304-1/DJI_0702.JPG",2023-06-13 09:43:53,"Seabuckthorn",38.6082353888889,98.1339776666667
"/Volumes/LEOPARDS/SuliHabitat/20230613/CP0304-1/DJI_0703.JPG",2023-06-13 09:44:01,"Seabuckthorn",38.6089797222222,98.1335631666667
"/Volumes/LEOPARDS/SuliHabitat/20230613/CP0304-1/DJI_0704.JPG",2023-06-13 09:44:49,"Seabuckthorn",38.60859625,98.1281551666667
"/Volumes/LEOPARDS/SuliHabitat/20230613/CP0304-1/DJI_0705.JPG",2023-06-13 09:45:00,"Seabuckthorn",38.6087948055556,98.1273280833333
"/Volumes/LEOPARDS/SuliHabitat/20230613/CP0304-1/DJI_0706.JPG",2023-06-13 09:45:16,"Seabuckthorn",38.6098250277778,98.1263480277778
"/Volumes/LEOPARDS/SuliHabitat/20230613/CP0304-1/DJI_0707.JPG",2023-06-13 09:45:48,"Seabuckthorn",38.6124994166667,98.1259646666667
"/Volumes/LEOPARDS/SuliHabitat/20230613/CP0304-1/DJI_0708.JPG",2023-06-13 09:46:49,"Seabuckthorn",38.6147518055556,98.1206786666667
"/Volumes/LEOPARDS/SuliHabitat/20230613/CP0304-1/DJI_0709.JPG",2023-06-13 09:47:07,"Seabuckthorn",38.6148548333333,98.1189433611111
"/Volumes/LEOPARDS/SuliHabitat/20230613/CP0304-1/DJI_0710.JPG",2023-06-13 09:48:09,"Seabuckthorn",38.6144822777778,98.1144797777778
"/Volumes/LEOPARDS/SuliHabitat/20230613/CP0304-1/DJI_0711.JPG",2023-06-13 09:51:32,"Grassland",38.6098243888889,98.1122973055556
"/Volumes/LEOPARDS/SuliHabitat/20230613/CP0304-1/DJI_0712.JPG",2023-06-13 09:53:00,"Grassland",38.6036460555556,98.1190534722222
"/Volumes/LEOPARDS/SuliHabitat/20230613/CP0304-1/DJI_0713.JPG",2023-06-13 09:53:21,"Grassland",38.6019820555556,98.1206263611111
"/Volumes/LEOPARDS/SuliHabitat/20230613/CP0304-1/DJI_0714.JPG",2023-06-13 09:53:53,"Grassland",38.5996829166667,98.1228665555556
"/Volumes/LEOPARDS/SuliHabitat/20230613/CP0304-1/DJI_0715.JPG",2023-06-13 09:54:34,"Grassland",38.5965795555556,98.1261091944444
"/Volumes/LEOPARDS/SuliHabitat/20230613/CP0304-1/DJI_0716.JPG",2023-06-13 09:55:09,"Grassland",38.595603,98.1296141944444
"/Volumes/LEOPARDS/SuliHabitat/20230613/CP0304-1/DJI_0717.JPG",2023-06-13 09:56:28,"Seabuckthorn",38.5953360277778,98.1394792777778
"/Volumes/LEOPARDS/SuliHabitat/20230613/CP0304-1/DJI_0718.JPG",2023-06-13 09:57:56,"Bareland",38.6017509166667,98.1381865833333
"/Volumes/LEOPARDS/SuliHabitat/20230613/CP0304-1/DJI_0719.JPG",2023-06-13 09:58:09,"Bareland",38.6028755833333,98.1374575555556
"/Volumes/LEOPARDS/SuliHabitat/20230613/CP0304-1/DJI_0721.JPG",2023-06-13 09:59:37,"Seabuckthorn",38.6083839166667,98.1338132777778
"/Volumes/LEOPARDS/SuliHabitat/20230613/CP0304-1/DJI_0722.JPG",2023-06-13 09:59:50,"Seabuckthorn",38.6082596666667,98.1329726388889
"/Volumes/LEOPARDS/SuliHabitat/20230613/CP0304-1/DJI_0723.JPG",2023-06-13 10:00:13,"Grassland",38.6082440277778,98.1349726111111
"/Volumes/LEOPARDS/SuliHabitat/20230613/CP0304-1/DJI_0724.JPG",2023-06-13 10:00:18,"Grassland",38.6082441388889,98.1356064166667
"/Volumes/LEOPARDS/SuliHabitat/20230613/CP0304-1/DJI_0725.JPG",2023-06-13 10:00:27,"Grassland",38.6082463888889,98.1368289444444
"/Volumes/LEOPARDS/SuliHabitat/20230613/CP0304-1/DJI_0726.JPG",2023-06-13 10:00:43,"Grassland",38.6080666388889,98.138599
"/Volumes/LEOPARDS/SuliHabitat/20230613/CP0304-1/DJI_0727.JPG",2023-06-13 10:01:04,"Grassland",38.6077361666667,98.1408016111111
"/Volumes/LEOPARDS/SuliHabitat/20230613/CP0304-1/DJI_0728.JPG",2023-06-13 10:01:24,"Seabuckthorn",38.6075066111111,98.1414366944445
"/Volumes/LEOPARDS/SuliHabitat/20230613/CP0304-1/DJI_0729.JPG",2023-06-13 10:01:52,"Grassland",38.6078693333333,98.14271625
"/Volumes/LEOPARDS/SuliHabitat/20230613/CP0304-1/DJI_0730.JPG",2023-06-13 10:02:14,"Grassland",38.6083760277778,98.1427926666667
"/Volumes/LEOPARDS/SuliHabitat/20230613/CP0312-1/DJI_0731.JPG",2023-06-13 10:39:20,"Shrubland",38.4633848055556,98.3599672222222
"/Volumes/LEOPARDS/SuliHabitat/20230613/CP0312-1/DJI_0732.JPG",2023-06-13 10:39:27,"Shrubland",38.46310275,98.3600644166667
"/Volumes/LEOPARDS/SuliHabitat/20230613/CP0312-1/DJI_0733.JPG",2023-06-13 10:39:36,"Shrubland",38.4629451666667,98.3597856111111
"/Volumes/LEOPARDS/SuliHabitat/20230613/CP0312-1/DJI_0734.JPG",2023-06-13 10:40:01,"Shrubland",38.4630634166667,98.3593251388889
"/Volumes/LEOPARDS/SuliHabitat/20230613/CP0312-1/DJI_0735.JPG",2023-06-13 10:40:12,"Shrubland",38.4628634166667,98.3596513055556
"/Volumes/LEOPARDS/SuliHabitat/20230613/CP0312-1/DJI_0736.JPG",2023-06-13 10:40:20,"Shrubland",38.4626983611111,98.3599495833333
"/Volumes/LEOPARDS/SuliHabitat/20230613/CP0312-1/DJI_0737.JPG",2023-06-13 10:40:30,"Shrubland",38.46253925,98.3602136666667
"/Volumes/LEOPARDS/SuliHabitat/20230613/CP0312-1/DJI_0738.JPG",2023-06-13 10:40:37,"Shrubland",38.4622549166667,98.3603299444444
"/Volumes/LEOPARDS/SuliHabitat/20230613/CP0312-1/DJI_0739.JPG",2023-06-13 10:41:03,"Shrubland",38.463207,98.3614963333333
"/Volumes/LEOPARDS/SuliHabitat/20230613/CP0312-1/DJI_0740.JPG",2023-06-13 10:41:17,"Grassland",38.4639821111111,98.3618225833333
"/Volumes/LEOPARDS/SuliHabitat/20230613/CP0312-1/DJI_0741.JPG",2023-06-13 10:41:24,"Grassland",38.4644448333333,98.3620205555556
"/Volumes/LEOPARDS/SuliHabitat/20230613/CP0312-1/DJI_0742.JPG",2023-06-13 10:41:42,"Grassland",38.4656255,98.3625398055556
"/Volumes/LEOPARDS/SuliHabitat/20230613/CP0312-1/DJI_0743.JPG",2023-06-13 10:41:48,"Grassland",38.4660161111111,98.3627060833333
"/Volumes/LEOPARDS/SuliHabitat/20230613/CP0312-1/DJI_0744.JPG",2023-06-13 10:42:01,"Grassland",38.46636225,98.3617353888889
"/Volumes/LEOPARDS/SuliHabitat/20230613/CP0312-1/DJI_0745.JPG",2023-06-13 10:42:08,"Grassland",38.4665467777778,98.3610758611111
"/Volumes/LEOPARDS/SuliHabitat/20230613/CP0312-1/DJI_0746.JPG",2023-06-13 10:42:21,"Grassland",38.4666261944444,98.3600133888889
"/Volumes/LEOPARDS/SuliHabitat/20230613/CP0312-1/DJI_0747.JPG",2023-06-13 10:42:27,"Grassland",38.4666955833333,98.3595171666667
"/Volumes/LEOPARDS/SuliHabitat/20230613/CP0312-1/DJI_0748.JPG",2023-06-13 10:42:34,"Grassland",38.4667813055556,98.3588744166667
"/Volumes/LEOPARDS/SuliHabitat/20230613/CP0312-1/DJI_0749.JPG",2023-06-13 10:42:44,"Grassland",38.466916,98.3578615
"/Volumes/LEOPARDS/SuliHabitat/20230613/CP0312-1/DJI_0750.JPG",2023-06-13 10:42:52,"Grassland",38.4670279444444,98.3570460833333
"/Volumes/LEOPARDS/SuliHabitat/20230613/CP0312-1/DJI_0751.JPG",2023-06-13 10:43:01,"Shrubland",38.4671414444444,98.3562275833333
"/Volumes/LEOPARDS/SuliHabitat/20230613/CP0312-1/DJI_0752.JPG",2023-06-13 10:43:42,"Shrubland",38.467096,98.3529817222222
"/Volumes/LEOPARDS/SuliHabitat/20230613/CP0312-1/DJI_0753.JPG",2023-06-13 10:43:58,"Grassland",38.4665533333333,98.3523946944444
"/Volumes/LEOPARDS/SuliHabitat/20230613/CP0312-1/DJI_0754.JPG",2023-06-13 10:44:32,"Grassland",38.4647316666667,98.3499279444444
"/Volumes/LEOPARDS/SuliHabitat/20230613/CP0312-1/DJI_0755.JPG",2023-06-13 10:44:47,"Grassland",38.463695,98.3491683055556
"/Volumes/LEOPARDS/SuliHabitat/20230613/CP0312-1/DJI_0756.JPG",2023-06-13 10:44:58,"Grassland",38.4626879444444,98.3486699722222
"/Volumes/LEOPARDS/SuliHabitat/20230613/CP0312-1/DJI_0757.JPG",2023-06-13 10:45:22,"Grassland",38.4605868611111,98.3474627222222
"/Volumes/LEOPARDS/SuliHabitat/20230613/CP0312-1/DJI_0758.JPG",2023-06-13 10:46:35,"Shrubland",38.4541311666667,98.34375975
"/Volumes/LEOPARDS/SuliHabitat/20230613/CP0312-1/DJI_0759.JPG",2023-06-13 10:47:06,"Shrubland",38.4515935277778,98.3421816666667
"/Volumes/LEOPARDS/SuliHabitat/20230613/CP0312-1/DJI_0760.JPG",2023-06-13 10:48:25,"Grassland",38.4513950277778,98.3487760833333
"/Volumes/LEOPARDS/SuliHabitat/20230613/CP0312-1/DJI_0761.JPG",2023-06-13 10:49:12,"Grassland",38.4538884166667,98.3535309166667
"/Volumes/LEOPARDS/SuliHabitat/20230613/CP0312-1/DJI_0762.JPG",2023-06-13 10:49:28,"Grassland",38.4548605833333,98.3551899722222
"/Volumes/LEOPARDS/SuliHabitat/20230613/CP0312-1/DJI_0763.JPG",2023-06-13 10:50:04,"Grassland",38.4553406944444,98.3596253611111
"/Volumes/LEOPARDS/SuliHabitat/20230613/CP0312-1/DJI_0764.JPG",2023-06-13 10:50:39,"Grassland",38.4557305833333,98.3639962777778
"/Volumes/LEOPARDS/SuliHabitat/20230613/CP0312-1/DJI_0765.JPG",2023-06-13 10:51:13,"Grassland",38.4561108888889,98.3682485833333
"/Volumes/LEOPARDS/SuliHabitat/20230613/CP0312-1/DJI_0766.JPG",2023-06-13 10:51:27,"Grassland",38.4562711666667,98.3700098055556
"/Volumes/LEOPARDS/SuliHabitat/20230613/CP0312-1/DJI_0767.JPG",2023-06-13 10:52:11,"Grassland",38.4567826388889,98.3755625
"/Volumes/LEOPARDS/SuliHabitat/20230613/CP0312-1/DJI_0768.JPG",2023-06-13 10:53:14,"Grassland",38.4575039166667,98.3834693888889
"/Volumes/LEOPARDS/SuliHabitat/20230613/CP0312-1/DJI_0769.JPG",2023-06-13 10:53:47,"Shrubland",38.4575470833333,98.3868606666667
"/Volumes/LEOPARDS/SuliHabitat/20230613/CP0312-1/DJI_0772.JPG",2023-06-13 10:55:47,"Grassland",38.46125,98.3837641388889
"/Volumes/LEOPARDS/SuliHabitat/20230613/CP0312-1/DJI_0773.JPG",2023-06-13 10:56:29,"Grassland",38.46129025,98.3784981944444
"/Volumes/LEOPARDS/SuliHabitat/20230613/CP0312-1/DJI_0774.JPG",2023-06-13 10:56:47,"Grassland",38.4613218611111,98.3761850277778
"/Volumes/LEOPARDS/SuliHabitat/20230613/CP0312-1/DJI_0775.JPG",2023-06-13 10:57:35,"Grassland",38.4617360277778,98.3702263888889
"/Volumes/LEOPARDS/SuliHabitat/20230613/CP0312-2/DJI_0778.JPG",2023-06-13 11:26:26,"Shrubland",38.4902718611111,98.4365188333333
"/Volumes/LEOPARDS/SuliHabitat/20230613/CP0312-2/DJI_0779.JPG",2023-06-13 11:26:42,"Shrubland",38.4905995555556,98.4364201944444
"/Volumes/LEOPARDS/SuliHabitat/20230613/CP0312-2/DJI_0780.JPG",2023-06-13 11:27:09,"Shrubland",38.4909810555556,98.4374593888889
"/Volumes/LEOPARDS/SuliHabitat/20230613/CP0312-2/DJI_0781.JPG",2023-06-13 11:27:27,"Shrubland",38.4905284166667,98.4374720555556
"/Volumes/LEOPARDS/SuliHabitat/20230613/CP0312-2/DJI_0782.JPG",2023-06-13 11:28:21,"Grassland",38.4939120277778,98.43728625
"/Volumes/LEOPARDS/SuliHabitat/20230613/CP0312-2/DJI_0783.JPG",2023-06-13 11:28:49,"Grassland",38.4962461944444,98.4369597777778
"/Volumes/LEOPARDS/SuliHabitat/20230613/CP0312-2/DJI_0784.JPG",2023-06-13 11:29:27,"Grassland",38.4991678055556,98.4349731388889
"/Volumes/LEOPARDS/SuliHabitat/20230613/CP0312-2/DJI_0785.JPG",2023-06-13 11:29:47,"Grassland",38.500115,98.4334953055556
"/Volumes/LEOPARDS/SuliHabitat/20230613/CP0312-2/DJI_0786.JPG",2023-06-13 11:30:39,"Shrubland",38.5008119166667,98.428274
"/Volumes/LEOPARDS/SuliHabitat/20230613/CP0312-2/DJI_0788.JPG",2023-06-13 11:31:30,"Shrubland",38.5017498888889,98.4252168333333
"/Volumes/LEOPARDS/SuliHabitat/20230613/CP0312-2/DJI_0789.JPG",2023-06-13 11:32:12,"Grassland",38.50249825,98.4235163888889
"/Volumes/LEOPARDS/SuliHabitat/20230613/CP0312-2/DJI_0790.JPG",2023-06-13 11:32:23,"Grassland",38.5029031666667,98.422739
"/Volumes/LEOPARDS/SuliHabitat/20230613/CP0312-2/DJI_0791.JPG",2023-06-13 11:33:21,"Bareland",38.5012345833333,98.4187663055556
"/Volumes/LEOPARDS/SuliHabitat/20230613/CP0312-2/DJI_0792.JPG",2023-06-13 11:33:43,"Grassland",38.5006566666667,98.4172571111111
"/Volumes/LEOPARDS/SuliHabitat/20230613/CP0312-2/DJI_0793.JPG",2023-06-13 11:34:13,"Grassland",38.4985677222222,98.4165072222222
"/Volumes/LEOPARDS/SuliHabitat/20230613/CP0312-2/DJI_0794.JPG",2023-06-13 11:34:44,"Grassland",38.4976563333333,98.4143615
"/Volumes/LEOPARDS/SuliHabitat/20230613/CP0312-2/DJI_0795.JPG",2023-06-13 11:35:06,"Grassland",38.4956978611111,98.4132783888889
"/Volumes/LEOPARDS/SuliHabitat/20230613/CP0312-2/DJI_0796.JPG",2023-06-13 11:35:34,"Grassland",38.49314525,98.4118873055556
"/Volumes/LEOPARDS/SuliHabitat/20230613/CP0312-2/DJI_0797.JPG",2023-06-13 11:35:59,"Grassland",38.4908218333333,98.4106107222222
"/Volumes/LEOPARDS/SuliHabitat/20230613/CP0312-2/DJI_0798.JPG",2023-06-13 11:36:33,"Grassland",38.4877330555556,98.4106458333333
"/Volumes/LEOPARDS/SuliHabitat/20230613/CP0312-2/DJI_0799.JPG",2023-06-13 11:36:51,"Grassland",38.4859463611111,98.4105764166667
"/Volumes/LEOPARDS/SuliHabitat/20230613/CP0312-2/DJI_0800.JPG",2023-06-13 11:37:09,"Grassland",38.4841204444444,98.4104999166667
"/Volumes/LEOPARDS/SuliHabitat/20230613/CP0312-2/DJI_0801.JPG",2023-06-13 11:38:03,"Grassland",38.4788291388889,98.4102967777778
"/Volumes/LEOPARDS/SuliHabitat/20230613/CP0312-2/DJI_0802.JPG",2023-06-13 11:38:27,"Grassland",38.4764581388889,98.4102117222222
"/Volumes/LEOPARDS/SuliHabitat/20230613/CP0312-2/DJI_0803.JPG",2023-06-13 11:38:52,"Grassland",38.4740367222222,98.4109423333333
"/Volumes/LEOPARDS/SuliHabitat/20230613/CP0312-2/DJI_0804.JPG",2023-06-13 11:39:35,"Grassland",38.4699815555556,98.4125071388889
"/Volumes/LEOPARDS/SuliHabitat/20230613/CP0312-2/DJI_0805.JPG",2023-06-13 11:40:54,"Grassland",38.4727683333333,98.4182156666667
"/Volumes/LEOPARDS/SuliHabitat/20230613/CP0312-2/DJI_0806.JPG",2023-06-13 11:41:18,"Grassland",38.4743175833333,98.4204946944444
"/Volumes/LEOPARDS/SuliHabitat/20230613/CP0312-2/DJI_0807.JPG",2023-06-13 11:41:34,"Grassland",38.4753168888889,98.4219694444444
"/Volumes/LEOPARDS/SuliHabitat/20230613/CP0312-2/DJI_0809.JPG",2023-06-13 11:43:00,"Shrubland",38.4767559444444,98.4235461944444
"/Volumes/LEOPARDS/SuliHabitat/20230613/CP0312-2/DJI_0810.JPG",2023-06-13 11:43:22,"Shrubland",38.4781966111111,98.4250968888889
"/Volumes/LEOPARDS/SuliHabitat/20230613/CP0312-2/DJI_0811.JPG",2023-06-13 11:44:35,"Grassland",38.48357025,98.4313569722222
"/Volumes/LEOPARDS/SuliHabitat/20230613/CP0312-2/DJI_0813.JPG",2023-06-13 11:46:10,"Grassland",38.4873454166667,98.4343943888889
"/Volumes/LEOPARDS/SuliHabitat/20230613/CP0312-2/DJI_0814.JPG",2023-06-13 11:46:28,"Grassland",38.4886759722222,98.4352314444444
"/Volumes/LEOPARDS/SuliHabitat/20230613/CP0312-2/DJI_0815.JPG",2023-06-13 11:46:34,"Grassland",38.4889735277778,98.4354099444444
"/Volumes/LEOPARDS/SuliHabitat/20230609/CP0102-1/DJI_0042.JPG",2023-06-09 15:10:00,"Grassland",38.30147,98.262455
"/Volumes/LEOPARDS/SuliHabitat/20230609/CP0203-1/DJI_0045.JPG",2023-06-09 15:50:00,"Grassland",38.33338,98.27058
"/Volumes/LEOPARDS/SuliHabitat/20230609/CP0203-1/DJI_0046.JPG",2023-06-09 15:51:00,"Grassland",38.333375,98.27068
"/Volumes/LEOPARDS/SuliHabitat/20230609/CP0203-1/DJI_0056.JPG",2023-06-09 15:52:00,"Grassland",38.33332,98.27221
"/Volumes/LEOPARDS/SuliHabitat/20230609/CP0203-1/DJI_0057.JPG",2023-06-09 15:54:00,"Grassland",38.3341,98.27359
"/Volumes/LEOPARDS/SuliHabitat/20230609/CP0203-1/DJI_0058.JPG",2023-06-09 15:54:00,"Grassland",38.33436,98.27358
"/Volumes/LEOPARDS/SuliHabitat/20230609/CP0203-1/DJI_0059.JPG",2023-06-09 15:54:00,"Grassland",38.33491,98.273555
"/Volumes/LEOPARDS/SuliHabitat/20230609/CP0203-1/DJI_0064.JPG",2023-06-09 15:54:00,"Grassland",38.33654,98.27346
"/Volumes/LEOPARDS/SuliHabitat/20230609/CP0203-1/DJI_0065.JPG",2023-06-09 15:55:00,"Grassland",38.33743,98.27332
"/Volumes/LEOPARDS/SuliHabitat/20230609/CP0203-1/DJI_0071.JPG",2023-06-09 16:00:00,"Grassland",38.3398,98.272655
"/Volumes/LEOPARDS/SuliHabitat/20230609/CP0203-1/DJI_0072.JPG",2023-06-09 16:00:00,"Grassland",38.340007,98.27247
"/Volumes/LEOPARDS/SuliHabitat/20230609/CP0203-1/DJI_0073.JPG",2023-06-09 16:01:00,"Grassland",38.34012,98.27235
"/Volumes/LEOPARDS/SuliHabitat/20230609/CP0203-1/DJI_0074.JPG",2023-06-09 16:01:00,"Grassland",38.34025,98.272225
"/Volumes/LEOPARDS/SuliHabitat/20230609/CP0203-1/DJI_0075.JPG",2023-06-09 16:01:00,"Grassland",38.34036,98.27212
"/Volumes/LEOPARDS/SuliHabitat/20230609/CP0203-1/DJI_0076.JPG",2023-06-09 16:01:00,"Grassland",38.34088,98.27165
"/Volumes/LEOPARDS/SuliHabitat/20230609/CP0203-1/DJI_0077.JPG",2023-06-09 16:01:00,"Grassland",38.34122,98.27135
"/Volumes/LEOPARDS/SuliHabitat/20230609/CP0203-1/DJI_0078.JPG",2023-06-09 16:01:00,"Grassland",38.3415,98.27112
"/Volumes/LEOPARDS/SuliHabitat/20230609/CP0203-1/DJI_0083.JPG",2023-06-09 16:03:00,"Grassland",38.345895,98.26502
"/Volumes/LEOPARDS/SuliHabitat/20230609/CP0203-1/DJI_0091.JPG",2023-06-09 16:05:00,"Grassland",38.34229,98.26636
"/Volumes/LEOPARDS/SuliHabitat/20230609/CP0203-1/DJI_0092.JPG",2023-06-09 16:05:00,"Grassland",38.341835,98.26657
"/Volumes/LEOPARDS/SuliHabitat/20230609/CP0203-1/DJI_0095.JPG",2023-06-09 16:06:00,"Grassland",38.33745,98.26853
"/Volumes/LEOPARDS/SuliHabitat/20230609/CP0203-1/DJI_0096.JPG",2023-06-09 16:06:00,"Grassland",38.33707,98.2687
"2bulu",2023-06-12 12:23:00,"Grassland",38.7855,97.46562
"2bulu",2023-06-12 12:23:00,"Grassland",38.7856,97.46898
"2bulu",2023-06-12 13:06:00,"Jiji Grass",38.80369,97.51076
"2bulu",2023-06-10 15:32:00,"Bareland",38.87109,97.56941
"2bulu",2023-06-10 16:18:00,"Jiji Grass",38.8682,97.6005
"2bulu",2023-06-10 16:40:00,"Jiji Grass",38.86871,97.65159
"2bulu",2023-06-12 14:49:00,"Grassland",38.82146,97.73552
"2bulu",2023-06-11 12:41:00,"Grassland",38.82624,97.81726
"2bulu",2023-06-11 12:41:00,"Grassland",38.82726,97.81821
"2bulu",2023-06-11 12:39:00,"Shrubland",38.83092,97.80483
"2bulu",2023-06-11 12:10:00,"Bareland",38.92187,97.75259
"2bulu",2023-06-11 12:10:00,"Bareland",38.92218,97.75316
